datathrough,confonly,teamname,season,efg_pct,rankefg_pct,to_pct,rankto_pct,or_pct,rankor_pct,ft_rate,rankft_rate,defg_pct,rankdefg_pct,dto_pct,rankdto_pct,dor_pct,rankdor_pct,dft_rate,rankdft_rate,oe,rankoe,de,rankde,tempo,ranktempo,adjoe,rankadjoe,adjde,rankadjde,adjtempo,rankadjtempo,source_name,endpoint,processed_at_utc,processed_at_local
"Sunday, February 1",true,Abilene Christian,2026,50.112,4,19.202,3,29.104,7,37.528,6,57.439,6,24.456,1,35.047,5,41.951,5,101.628,7,110.867,7,69.0016,4,,,,,,,kenpom_api,four-factors,2026-02-02 03:42:04 UTC,2026-02-01 21:42:04 Central Standard Time
"Sunday, February 1",true,Air Force,2026,46.62,11,23.29,12,18.845,12,27.634,12,57.941,11,15.426,11,34.483,12,35.428,3,84.6913,12,122.954,11,66.1225,8,,,,,,,kenpom_api,four-factors,2026-02-02 03:42:04 UTC,2026-02-01 21:42:04 Central Standard Time
"Sunday, February 1",true,Akron,2026,57.595,3,17.321,11,35.224,2,23.259,13,47.462,1,18.598,2,30.769,8,34.518,5,119.825,2,100.942,1,70.4362,4,,,,,,,kenpom_api,four-factors,2026-02-02 03:42:04 UTC,2026-02-01 21:42:04 Central Standard Time
"Sunday, February 1",true,Alabama,2026,51.838,6,13.08,5,29.721,13,39.265,6,47.854,2,10.9,16,33.431,12,43.284,13,115.208,6,112.022,5,74.5391,1,,,,,,,kenpom_api,four-factors,2026-02-02 03:42:04 UTC,2026-02-01 21:42:04 Central Standard Time
"Sunday, February 1",true,Alabama A&M,2026,52.425,5,17.805,5,31.076,6,46.882,5,50.328,7,17.805,8,29.856,6,36.026,2,111.737,2,106.105,7,68.8,10,,,,,,,kenpom_api,four-factors,2026-02-02 03:42:04 UTC,2026-02-01 21:42:04 Central Standard Time
"Sunday, February 1",true,Alabama St.,2026,48.529,9,20.595,9,33.216,3,38.445,10,49.77,5,21.777,2,31.076,8,52.184,12,100.443,11,104.326,5,74.0469,1,,,,,,,kenpom_api,four-factors,2026-02-02 03:42:04 UTC,2026-02-01 21:42:04 Central Standard Time
"Sunday, February 1",true,Albany,2026,50.774,4,18.109,9,33.721,2,25.442,9,48.05,2,15.353,5,28.947,7,32.569,4,106.291,5,103.732,4,63.5047,7,,,,,,,kenpom_api,four-factors,2026-02-02 03:42:04 UTC,2026-02-01 21:42:04 Central Standard Time
"Sunday, February 1",true,Alcorn St.,2026,50.106,6,18.057,6,31.071,7,28.723,12,55.071,11,18.057,7,28.226,5,43.868,9,105.392,8,110.551,11,67.8422,11,,,,,,,kenpom_api,four-factors,2026-02-02 03:42:04 UTC,2026-02-01 21:42:04 Central Standard Time
"Sunday, February 1",true,American,2026,52.936,5,16.575,6,26.582,6,24.911,10,49.335,2,18.57,1,29.573,7,40.304,10,108.195,5,103.438,2,65.16,8,,,,,,,kenpom_api,four-factors,2026-02-02 03:42:04 UTC,2026-02-01 21:42:04 Central Standard Time
"Sunday, February 1",true,Appalachian St.,2026,50.52,7,15.272,5,31.504,5,33.581,9,45.111,1,14.097,12,24.89,2,30.222,3,107.815,7,97.2426,1,63.8438,13,,,,,,,kenpom_api,four-factors,2026-02-02 03:42:04 UTC,2026-02-01 21:42:04 Central Standard Time
"Sunday, February 1",true,Arizona,2026,55.027,4,13.177,3,36.364,3,43.627,1,45.25,1,15.903,7,26.579,2,22.833,1,120.409,4,97.9932,1,73.3611,1,,,,,,,kenpom_api,four-factors,2026-02-02 03:42:04 UTC,2026-02-01 21:42:04 Central Standard Time
"Sunday, February 1",true,Arizona St.,2026,50.991,11,17.719,14,31.832,7,34.414,6,56.328,15,17.566,3,37.582,16,34.759,11,107.229,11,119.754,15,72.7417,2,,,,,,,kenpom_api,four-factors,2026-02-02 03:42:04 UTC,2026-02-01 21:42:04 Central Standard Time
"Sunday, February 1",true,Arkansas,2026,56.162,1,12.986,4,32.0,8,32.746,15,54.273,15,16.232,5,30.897,4,33.455,3,119.807,3,113.469,10,71.875,2,,,,,,,kenpom_api,four-factors,2026-02-02 03:42:04 UTC,2026-02-01 21:42:04 Central Standard Time
"Sunday, February 1",true,Arkansas Pine Bluff,2026,53.356,4,18.313,7,28.244,9,50.231,2,49.103,3,17.779,9,34.191,10,50.897,11,110.588,3,107.21,9,69.2109,9,,,,,,,kenpom_api,four-factors,2026-02-02 03:42:04 UTC,2026-02-01 21:42:04 Central Standard Time
"Sunday, February 1",true,Arkansas St.,2026,51.259,6,19.502,14,38.369,1,38.815,3,52.345,12,14.595,11,24.737,1,35.703,7,111.226,3,110.094,11,71.4221,1,,,,,,,kenpom_api,four-factors,2026-02-02 03:42:04 UTC,2026-02-01 21:42:04 Central Standard Time
"Sunday, February 1",true,Army,2026,51.55,6,16.06,4,32.804,1,26.591,9,56.469,10,15.176,7,27.76,6,34.965,7,109.325,4,117.576,10,65.4269,7,,,,,,,kenpom_api,four-factors,2026-02-02 03:42:04 UTC,2026-02-01 21:42:04 Central Standard Time
"Sunday, February 1",true,Auburn,2026,50.755,9,14.147,8,36.025,3,50.566,1,53.696,14,17.008,2,32.353,8,43.385,14,117.467,4,112.857,8,68.8846,9,,,,,,,kenpom_api,four-factors,2026-02-02 03:42:04 UTC,2026-02-01 21:42:04 Central Standard Time
"Sunday, February 1",true,Austin Peay,2026,52.601,9,14.156,5,29.972,6,41.107,2,50.845,1,19.393,1,30.226,8,30.405,6,115.368,7,103.619,1,70.6438,2,,,,,,,kenpom_api,four-factors,2026-02-02 03:42:04 UTC,2026-02-01 21:42:04 Central Standard Time
"Sunday, February 1",true,Ball St.,2026,48.251,13,14.234,1,24.834,13,37.037,7,57.484,13,18.693,1,29.528,7,31.393,3,103.925,10,115.758,11,64.7903,13,,,,,,,kenpom_api,four-factors,2026-02-02 03:42:04 UTC,2026-02-01 21:42:04 Central Standard Time
"Sunday, February 1",true,Baylor,2026,49.029,14,19.338,15,33.856,5,33.398,8,51.366,6,14.38,11,33.636,12,30.419,8,101.981,13,113.056,10,67.2236,13,,,,,,,kenpom_api,four-factors,2026-02-02 03:42:04 UTC,2026-02-01 21:42:04 Central Standard Time
"Sunday, February 1",true,Bellarmine,2026,58.468,1,13.405,2,22.896,12,37.658,3,59.241,12,14.0,11,35.435,12,29.373,4,119.748,3,126.748,11,65.4375,11,,,,,,,kenpom_api,four-factors,2026-02-02 03:42:04 UTC,2026-02-01 21:42:04 Central Standard Time
"Sunday, February 1",true,Belmont,2026,59.865,1,18.222,9,30.748,3,37.22,4,51.312,6,17.86,4,32.809,11,30.249,2,117.42,1,109.093,6,68.3531,5,,,,,,,kenpom_api,four-factors,2026-02-02 03:42:04 UTC,2026-02-01 21:42:04 Central Standard Time
"Sunday, February 1",true,Bethune Cookman,2026,54.617,1,20.255,8,33.203,4,47.072,4,44.306,1,17.312,10,25.902,1,33.126,1,110.104,4,94.3498,1,71.1094,5,,,,,,,kenpom_api,four-factors,2026-02-02 03:42:04 UTC,2026-02-01 21:42:04 Central Standard Time
"Sunday, February 1",true,Binghamton,2026,48.575,7,17.35,7,20.158,7,33.492,5,52.0,9,13.346,9,27.273,5,35.556,6,97.8098,9,110.584,8,62.6918,8,,,,,,,kenpom_api,four-factors,2026-02-02 03:42:04 UTC,2026-02-01 21:42:04 Central Standard Time
"Sunday, February 1",true,Boise St.,2026,52.09,6,16.227,4,31.073,4,45.177,1,54.634,9,15.835,10,24.079,1,36.911,5,112.543,4,109.533,7,66.2805,7,,,,,,,kenpom_api,four-factors,2026-02-02 03:42:04 UTC,2026-02-01 21:42:04 Central Standard Time
"Sunday, February 1",true,Boston College,2026,46.652,18,16.224,9,24.232,16,34.152,11,49.462,4,15.105,11,31.142,11,36.129,10,95.4801,18,106.11,5,65.9656,13,,,,,,,kenpom_api,four-factors,2026-02-02 03:42:04 UTC,2026-02-01 21:42:04 Central Standard Time
"Sunday, February 1",true,Boston University,2026,55.585,2,16.181,5,24.127,8,33.511,3,54.583,8,12.245,10,24.34,2,28.833,4,112.686,3,114.436,9,64.5981,9,,,,,,,kenpom_api,four-factors,2026-02-02 03:42:04 UTC,2026-02-01 21:42:04 Central Standard Time
"Sunday, February 1",true,Bowling Green,2026,52.108,5,16.609,6,29.275,7,37.605,6,54.333,10,17.736,6,28.228,2,35.009,6,109.51,7,109.932,8,70.0771,6,,,,,,,kenpom_api,four-factors,2026-02-02 03:42:04 UTC,2026-02-01 21:42:04 Central Standard Time
"Sunday, February 1",true,Bradley,2026,49.411,8,11.644,1,28.661,6,35.733,6,53.977,11,16.884,6,26.54,4,37.074,7,111.431,3,110.5,9,68.7141,4,,,,,,,kenpom_api,four-factors,2026-02-02 03:42:04 UTC,2026-02-01 21:42:04 Central Standard Time
"Sunday, February 1",true,Brown,2026,44.799,8,17.275,7,29.213,6,26.95,7,52.249,5,17.067,2,27.313,2,44.974,8,95.9517,8,110.105,3,66.2905,5,,,,,,,kenpom_api,four-factors,2026-02-02 03:42:04 UTC,2026-02-01 21:42:04 Central Standard Time
"Sunday, February 1",true,Bryant,2026,43.736,9,16.963,6,31.399,3,36.219,4,50.457,6,14.596,6,31.461,8,37.215,8,99.2159,7,110.656,9,62.4191,9,,,,,,,kenpom_api,four-factors,2026-02-02 03:42:04 UTC,2026-02-01 21:42:04 Central Standard Time
"Sunday, February 1",true,Bucknell,2026,50.522,8,16.704,8,27.434,5,33.043,4,54.446,7,18.023,2,30.38,9,38.475,9,107.696,6,112.678,8,65.9358,5,,,,,,,kenpom_api,four-factors,2026-02-02 03:42:04 UTC,2026-02-01 21:42:04 Central Standard Time
"Sunday, February 1",true,Buffalo,2026,57.639,2,15.561,3,26.888,12,36.979,8,55.519,12,16.561,9,32.164,9,31.466,4,116.925,3,116.497,12,69.1157,9,,,,,,,kenpom_api,four-factors,2026-02-02 03:42:04 UTC,2026-02-01 21:42:04 Central Standard Time
"Sunday, February 1",true,Butler,2026,48.86,10,15.262,3,33.416,5,43.009,1,55.245,11,14.749,8,35.356,9,25.315,2,109.658,6,118.892,10,69.3218,4,,,,,,,kenpom_api,four-factors,2026-02-02 03:42:04 UTC,2026-02-01 21:42:04 Central Standard Time
"Sunday, February 1",true,BYU,2026,52.606,6,16.252,11,37.58,1,35.328,5,51.923,8,13.832,13,26.829,3,33.603,10,117.395,6,110.825,8,72.2984,3,,,,,,,kenpom_api,four-factors,2026-02-02 03:42:04 UTC,2026-02-01 21:42:04 Central Standard Time
"Sunday, February 1",true,Cal Baptist,2026,49.701,5,19.283,4,35.855,2,41.036,3,44.981,1,15.361,6,27.628,1,38.61,3,105.732,4,100.339,2,65.1702,7,,,,,,,kenpom_api,four-factors,2026-02-02 03:42:04 UTC,2026-02-01 21:42:04 Central Standard Time
"Sunday, February 1",true,Cal Poly,2026,53.55,3,20.005,11,30.052,7,35.801,8,55.587,10,17.078,7,34.177,10,31.259,2,109.054,3,115.032,10,74.525,2,,,,,,,kenpom_api,four-factors,2026-02-02 03:42:04 UTC,2026-02-01 21:42:04 Central Standard Time
"Sunday, February 1",true,Cal St. Bakersfield,2026,46.549,10,17.695,6,31.296,4,40.798,3,56.894,11,18.453,2,34.699,11,47.385,11,101.493,10,119.188,11,71.9261,5,,,,,,,kenpom_api,four-factors,2026-02-02 03:42:04 UTC,2026-02-01 21:42:04 Central Standard Time
"Sunday, February 1",true,Cal St. Fullerton,2026,50.766,8,16.007,1,23.844,11,41.96,2,55.164,9,23.949,1,31.781,8,33.49,5,104.717,8,105.083,5,74.4,3,,,,,,,kenpom_api,four-factors,2026-02-02 03:42:04 UTC,2026-02-01 21:42:04 Central Standard Time
"Sunday, February 1",true,California,2026,48.242,15,13.909,3,22.601,18,36.523,6,49.813,5,13.091,16,33.433,15,41.869,17,105.054,14,112.254,11,67.9014,11,,,,,,,kenpom_api,four-factors,2026-02-02 03:42:04 UTC,2026-02-01 21:42:04 Central Standard Time
"Sunday, February 1",true,Campbell,2026,53.056,4,15.653,5,31.143,5,41.766,3,57.782,12,17.787,3,32.0,8,41.682,11,115.117,1,116.398,12,70.2763,3,,,,,,,kenpom_api,four-factors,2026-02-02 03:42:04 UTC,2026-02-01 21:42:04 Central Standard Time
"Sunday, February 1",true,Canisius,2026,45.409,13,16.905,7,32.321,7,30.273,6,53.55,11,16.777,6,29.949,6,33.837,9,100.664,10,111.807,9,64.3841,10,,,,,,,kenpom_api,four-factors,2026-02-02 03:42:04 UTC,2026-02-01 21:42:04 Central Standard Time
"Sunday, February 1",true,Central Arkansas,2026,57.052,3,12.825,1,30.189,5,33.273,7,56.385,8,18.917,2,25.926,3,30.255,5,122.961,1,109.655,4,67.5201,9,,,,,,,kenpom_api,four-factors,2026-02-02 03:42:04 UTC,2026-02-01 21:42:04 Central Standard Time
"Sunday, February 1",true,Central Connecticut,2026,52.323,2,16.23,5,27.597,5,31.784,5,51.284,6,14.181,9,33.913,9,27.055,3,110.299,1,112.505,10,63.4637,6,,,,,,,kenpom_api,four-factors,2026-02-02 03:42:04 UTC,2026-02-01 21:42:04 Central Standard Time
"Sunday, February 1",true,Central Michigan,2026,50.595,8,17.291,10,28.409,8,31.803,12,51.37,4,17.148,8,32.941,11,39.555,10,103.319,12,109.75,7,69.9775,7,,,,,,,kenpom_api,four-factors,2026-02-02 03:42:04 UTC,2026-02-01 21:42:04 Central Standard Time
"Sunday, February 1",true,Charleston,2026,52.133,6,16.584,9,30.994,6,43.003,2,47.944,4,12.542,11,31.132,5,23.935,1,111.349,7,106.89,6,70.028,4,,,,,,,kenpom_api,four-factors,2026-02-02 03:42:04 UTC,2026-02-01 21:42:04 Central Standard Time
"Sunday, February 1",true,Charleston Southern,2026,53.445,4,17.82,5,28.391,7,36.811,6,46.746,1,13.77,8,31.118,7,53.452,9,105.626,7,107.732,5,73.7946,1,,,,,,,kenpom_api,four-factors,2026-02-02 03:42:04 UTC,2026-02-01 21:42:04 Central Standard Time
"Sunday, February 1",true,Charlotte,2026,56.904,2,17.927,10,35.793,4,45.188,1,49.81,8,13.53,13,34.286,10,38.476,8,119.234,2,114.837,11,63.3196,13,,,,,,,kenpom_api,four-factors,2026-02-02 03:42:04 UTC,2026-02-01 21:42:04 Central Standard Time
"Sunday, February 1",true,Chattanooga,2026,52.224,6,14.1,5,20.482,10,30.249,8,50.685,3,13.061,7,30.959,7,42.808,10,106.716,8,112.801,4,67.375,3,,,,,,,kenpom_api,four-factors,2026-02-02 03:42:04 UTC,2026-02-01 21:42:04 Central Standard Time
"Sunday, February 1",true,Chicago St.,2026,45.673,10,14.651,2,26.3,6,28.846,9,55.814,10,20.784,1,34.191,10,35.941,7,99.1482,9,112.095,8,64.3151,5,,,,,,,kenpom_api,four-factors,2026-02-02 03:42:04 UTC,2026-02-01 21:42:04 Central Standard Time
"Sunday, February 1",true,Cincinnati,2026,46.591,16,17.444,13,29.56,10,25.758,14,51.562,7,16.27,6,29.9,7,29.102,6,98.6267,16,106.007,4,66.2431,14,,,,,,,kenpom_api,four-factors,2026-02-02 03:42:04 UTC,2026-02-01 21:42:04 Central Standard Time
"Sunday, February 1",true,Clemson,2026,54.688,5,16.49,13,24.632,15,35.208,8,46.76,2,20.06,2,26.014,3,37.365,13,109.822,8,95.8817,1,64.4739,18,,,,,,,kenpom_api,four-factors,2026-02-02 03:42:04 UTC,2026-02-01 21:42:04 Central Standard Time
"Sunday, February 1",true,Cleveland St.,2026,55.802,3,18.009,9,29.787,9,43.817,3,53.473,6,13.658,9,38.372,11,31.848,3,115.425,4,122.435,11,68.9479,6,,,,,,,kenpom_api,four-factors,2026-02-02 03:42:04 UTC,2026-02-01 21:42:04 Central Standard Time
"Sunday, February 1",true,Coastal Carolina,2026,49.0,9,15.636,8,28.246,9,33.143,11,48.695,6,11.204,13,26.0,3,31.593,4,106.128,9,107.236,7,66.2902,10,,,,,,,kenpom_api,four-factors,2026-02-02 03:42:04 UTC,2026-02-01 21:42:04 Central Standard Time
"Sunday, February 1",true,Colgate,2026,54.647,3,14.993,2,30.816,3,35.112,2,54.309,6,16.463,6,23.765,1,34.291,6,115.241,1,109.068,5,66.4301,3,,,,,,,kenpom_api,four-factors,2026-02-02 03:42:04 UTC,2026-02-01 21:42:04 Central Standard Time
"Sunday, February 1",true,Colorado,2026,51.592,8,13.816,5,26.498,16,33.708,7,53.078,11,14.78,10,32.581,10,37.873,15,110.689,7,114.384,12,69.1625,10,,,,,,,kenpom_api,four-factors,2026-02-02 03:42:04 UTC,2026-02-01 21:42:04 Central Standard Time
"Sunday, February 1",true,Colorado St.,2026,51.601,7,21.122,11,31.977,3,35.053,8,55.245,10,17.071,6,31.642,9,39.336,9,104.308,9,114.724,10,62.8386,12,,,,,,,kenpom_api,four-factors,2026-02-02 03:42:04 UTC,2026-02-01 21:42:04 Central Standard Time
"Sunday, February 1",true,Columbia,2026,51.937,5,18.937,8,35.656,1,34.14,4,55.251,7,13.526,7,30.342,5,32.22,5,110.498,6,118.822,7,67.4903,4,,,,,,,kenpom_api,four-factors,2026-02-02 03:42:04 UTC,2026-02-01 21:42:04 Central Standard Time
"Sunday, February 1",true,Connecticut,2026,54.697,2,17.557,10,37.895,2,31.515,7,45.3,1,18.227,3,30.1,4,39.06,10,116.466,2,97.5691,1,66.3444,9,,,,,,,kenpom_api,four-factors,2026-02-02 03:42:04 UTC,2026-02-01 21:42:04 Central Standard Time
"Sunday, February 1",true,Coppin St.,2026,51.42,3,23.941,8,36.408,2,49.211,4,56.788,8,19.83,5,33.146,5,60.596,7,102.778,6,114.87,8,68.9187,4,,,,,,,kenpom_api,four-factors,2026-02-02 03:42:04 UTC,2026-02-01 21:42:04 Central Standard Time
"Sunday, February 1",true,Cornell,2026,57.488,1,15.051,6,29.752,5,30.876,6,59.952,8,14.85,5,28.837,4,33.813,6,120.607,1,122.212,8,71.1875,1,,,,,,,kenpom_api,four-factors,2026-02-02 03:42:04 UTC,2026-02-01 21:42:04 Central Standard Time
"Sunday, February 1",true,Creighton,2026,55.659,1,14.904,2,25.419,10,29.302,9,52.996,8,12.794,10,30.049,3,25.107,1,113.692,5,113.824,8,68.2753,6,,,,,,,kenpom_api,four-factors,2026-02-02 03:42:04 UTC,2026-02-01 21:42:04 Central Standard Time
"Sunday, February 1",true,CSUN,2026,51.483,5,17.35,3,33.565,1,38.418,4,50.434,4,16.872,8,26.897,3,36.324,6,106.855,6,105.06,4,75.9739,1,,,,,,,kenpom_api,four-factors,2026-02-02 03:42:04 UTC,2026-02-01 21:42:04 Central Standard Time
"Sunday, February 1",true,Dartmouth,2026,53.96,4,14.285,3,24.255,8,35.396,2,50.922,4,13.043,8,30.385,6,31.106,4,111.174,5,112.624,6,67.8181,3,,,,,,,kenpom_api,four-factors,2026-02-02 03:42:04 UTC,2026-02-01 21:42:04 Central Standard Time
"Sunday, February 1",true,Davidson,2026,52.055,7,16.18,7,31.596,4,26.81,11,50.907,4,17.919,3,33.333,12,32.056,5,108.038,9,106.124,6,62.1322,14,,,,,,,kenpom_api,four-factors,2026-02-02 03:42:04 UTC,2026-02-01 21:42:04 Central Standard Time
"Sunday, February 1",true,Dayton,2026,50.0,10,18.099,11,25.952,14,44.05,3,51.394,6,22.301,1,34.416,13,36.653,11,104.393,10,103.909,2,67.8324,7,,,,,,,kenpom_api,four-factors,2026-02-02 03:42:04 UTC,2026-02-01 21:42:04 Central Standard Time
"Sunday, February 1",true,Delaware,2026,49.799,8,17.445,9,21.359,11,32.53,9,49.822,3,12.922,12,29.769,3,30.373,2,99.8243,12,111.454,11,61.1733,12,,,,,,,kenpom_api,four-factors,2026-02-02 03:42:04 UTC,2026-02-01 21:42:04 Central Standard Time
"Sunday, February 1",true,Delaware St.,2026,45.873,8,19.83,5,28.646,6,42.222,8,52.824,7,20.573,4,25.595,1,43.854,4,94.4384,8,101.627,3,67.2396,7,,,,,,,kenpom_api,four-factors,2026-02-02 03:42:04 UTC,2026-02-01 21:42:04 Central Standard Time
"Sunday, February 1",true,Denver,2026,53.363,6,12.887,2,29.63,5,30.619,6,53.922,5,11.773,9,32.424,7,36.364,7,117.415,4,118.052,7,69.8375,3,,,,,,,kenpom_api,four-factors,2026-02-02 03:42:04 UTC,2026-02-01 21:42:04 Central Standard Time
"Sunday, February 1",true,DePaul,2026,49.678,8,18.341,11,29.333,8,29.147,10,49.756,4,16.014,6,29.973,2,37.459,8,101.559,10,106.897,5,66.4193,8,,,,,,,kenpom_api,four-factors,2026-02-02 03:42:04 UTC,2026-02-01 21:42:04 Central Standard Time
"Sunday, February 1",true,Detroit Mercy,2026,51.406,9,16.152,7,36.156,3,35.207,6,52.038,3,13.322,11,30.926,5,38.179,8,114.36,5,114.006,7,70.6833,3,,,,,,,kenpom_api,four-factors,2026-02-02 03:42:04 UTC,2026-02-01 21:42:04 Central Standard Time
"Sunday, February 1",true,Drake,2026,50.072,6,15.34,3,25.909,8,39.511,2,52.882,9,16.886,5,29.481,8,39.193,9,105.243,6,110.118,8,69.3433,2,,,,,,,kenpom_api,four-factors,2026-02-02 03:42:04 UTC,2026-02-01 21:42:04 Central Standard Time
"Sunday, February 1",true,Drexel,2026,50.75,8,18.123,13,29.518,11,28.143,11,42.389,1,16.359,8,32.425,9,29.735,3,102.001,12,96.3875,1,62.3525,13,,,,,,,kenpom_api,four-factors,2026-02-02 03:42:04 UTC,2026-02-01 21:42:04 Central Standard Time
"Sunday, February 1",true,Duke,2026,56.262,2,16.819,15,40.068,1,40.27,3,51.703,10,20.815,1,25.926,2,21.844,1,122.892,1,99.7461,2,66.725,12,,,,,,,kenpom_api,four-factors,2026-02-02 03:42:04 UTC,2026-02-01 21:42:04 Central Standard Time
"Sunday, February 1",true,Duquesne,2026,51.883,8,17.375,10,28.793,10,38.983,5,51.415,7,15.514,8,26.935,2,38.868,13,108.752,7,107.821,8,68.8932,3,,,,,,,kenpom_api,four-factors,2026-02-02 03:42:04 UTC,2026-02-01 21:42:04 Central Standard Time
"Sunday, February 1",true,East Carolina,2026,46.846,10,15.459,3,31.548,10,36.364,7,51.763,11,15.942,6,32.609,6,33.952,4,102.896,11,111.109,10,67.9711,8,,,,,,,kenpom_api,four-factors,2026-02-02 03:42:04 UTC,2026-02-01 21:42:04 Central Standard Time
"Sunday, February 1",true,East Tennessee St.,2026,55.456,3,12.491,2,29.53,7,36.494,4,50.182,2,18.584,1,26.901,2,32.24,5,119.88,3,103.125,1,65.6488,8,,,,,,,kenpom_api,four-factors,2026-02-02 03:42:04 UTC,2026-02-01 21:42:04 Central Standard Time
"Sunday, February 1",true,East Texas A&M,2026,48.094,11,20.418,10,28.111,10,28.886,12,50.843,7,16.505,11,34.965,10,34.972,3,95.73,12,110.157,8,68.1604,3,,,,,,,kenpom_api,four-factors,2026-02-02 03:42:04 UTC,2026-02-01 21:42:04 Central Standard Time
"Sunday, February 1",true,Eastern Illinois,2026,45.381,9,17.804,6,29.535,10,34.018,7,48.258,6,21.019,2,33.907,9,37.121,6,97.5534,9,101.881,6,66.0705,8,,,,,,,kenpom_api,four-factors,2026-02-02 03:42:04 UTC,2026-02-01 21:42:04 Central Standard Time
"Sunday, February 1",true,Eastern Kentucky,2026,56.353,6,16.19,8,34.278,1,30.858,10,55.277,7,15.178,8,31.902,9,43.253,12,118.1,5,119.256,9,67.6288,8,,,,,,,kenpom_api,four-factors,2026-02-02 03:42:04 UTC,2026-02-01 21:42:04 Central Standard Time
"Sunday, February 1",true,Eastern Michigan,2026,50.174,10,16.76,7,27.666,10,33.624,10,50.509,3,15.604,11,29.06,5,37.012,8,103.74,11,109.231,6,67.6475,11,,,,,,,kenpom_api,four-factors,2026-02-02 03:42:04 UTC,2026-02-01 21:42:04 Central Standard Time
"Sunday, February 1",true,Eastern Washington,2026,49.71,10,17.862,8,33.893,1,36.486,6,51.423,4,16.042,5,32.13,9,40.447,6,110.477,8,111.139,5,67.1833,8,,,,,,,kenpom_api,four-factors,2026-02-02 03:42:04 UTC,2026-02-01 21:42:04 Central Standard Time
"Sunday, February 1",true,Elon,2026,54.798,2,15.654,6,29.942,10,31.65,8,53.676,11,16.669,6,34.67,12,29.412,2,112.915,4,114.799,10,68.99,5,,,,,,,kenpom_api,four-factors,2026-02-02 03:42:04 UTC,2026-02-01 21:42:04 Central Standard Time
"Sunday, February 1",true,Evansville,2026,49.415,7,20.736,11,20.867,11,28.595,10,52.882,8,14.397,10,26.385,3,34.112,5,94.9645,11,109.757,7,68.0615,7,,,,,,,kenpom_api,four-factors,2026-02-02 03:42:04 UTC,2026-02-01 21:42:04 Central Standard Time
"Sunday, February 1",true,Fairfield,2026,47.772,9,15.348,5,38.235,2,27.475,9,51.771,8,17.339,4,29.717,5,29.155,5,108.722,5,108.137,8,65.6577,7,,,,,,,kenpom_api,four-factors,2026-02-02 03:42:04 UTC,2026-02-01 21:42:04 Central Standard Time
"Sunday, February 1",true,Fairleigh Dickinson,2026,48.905,8,15.751,4,30.836,3,37.774,2,53.143,8,17.311,5,24.567,2,38.507,8,107.141,4,108.076,6,63.3593,7,,,,,,,kenpom_api,four-factors,2026-02-02 03:42:04 UTC,2026-02-01 21:42:04 Central Standard Time
"Sunday, February 1",true,FIU,2026,50.503,6,17.617,10,33.152,6,42.785,4,53.667,12,19.819,1,32.329,10,36.5,6,106.665,7,108.592,8,71.8046,1,,,,,,,kenpom_api,four-factors,2026-02-02 03:42:04 UTC,2026-02-01 21:42:04 Central Standard Time
"Sunday, February 1",true,Florida,2026,53.75,3,12.749,3,41.108,2,35.167,9,48.488,3,15.548,6,23.03,1,36.673,5,123.137,1,101.837,1,71.4653,3,,,,,,,kenpom_api,four-factors,2026-02-02 03:42:04 UTC,2026-02-01 21:42:04 Central Standard Time
"Sunday, February 1",true,Florida A&M,2026,53.444,3,22.911,12,33.865,2,38.48,9,48.317,2,18.404,6,26.848,2,43.029,8,107.045,5,101.599,2,66.5609,12,,,,,,,kenpom_api,four-factors,2026-02-02 03:42:04 UTC,2026-02-01 21:42:04 Central Standard Time
"Sunday, February 1",true,Florida Atlantic,2026,53.63,3,19.667,12,33.144,9,35.479,8,47.3,3,16.954,5,28.827,1,39.771,9,108.372,7,102.947,3,73.7275,1,,,,,,,kenpom_api,four-factors,2026-02-02 03:42:04 UTC,2026-02-01 21:42:04 Central Standard Time
"Sunday, February 1",true,Florida Gulf Coast,2026,53.24,8,17.279,10,28.788,7,31.524,9,51.839,2,15.211,7,28.0,5,36.778,8,109.286,9,110.024,5,67.7125,7,,,,,,,kenpom_api,four-factors,2026-02-02 03:42:04 UTC,2026-02-01 21:42:04 Central Standard Time
"Sunday, February 1",true,Florida St.,2026,50.093,11,16.198,8,29.878,11,34.259,10,54.911,16,14.927,13,32.372,14,28.036,4,106.713,11,116.4,17,69.9694,3,,,,,,,kenpom_api,four-factors,2026-02-02 03:42:04 UTC,2026-02-01 21:42:04 Central Standard Time
"Sunday, February 1",true,Fordham,2026,46.429,14,18.245,12,38.279,1,21.978,14,51.195,5,14.458,13,27.0,3,32.271,6,102.414,13,108.955,9,64.5528,10,,,,,,,kenpom_api,four-factors,2026-02-02 03:42:04 UTC,2026-02-01 21:42:04 Central Standard Time
"Sunday, February 1",true,Fresno St.,2026,47.133,10,19.95,10,27.35,11,33.513,9,48.978,5,18.639,4,28.691,5,26.405,1,98.147,11,100.477,4,68.6725,3,,,,,,,kenpom_api,four-factors,2026-02-02 03:42:04 UTC,2026-02-01 21:42:04 Central Standard Time
"Sunday, February 1",true,Furman,2026,54.811,4,17.14,9,32.84,3,30.412,7,47.541,1,14.606,6,30.526,5,27.541,1,113.572,6,104.332,2,65.5242,9,,,,,,,kenpom_api,four-factors,2026-02-02 03:42:04 UTC,2026-02-01 21:42:04 Central Standard Time
"Sunday, February 1",true,Gardner Webb,2026,46.333,9,20.455,8,23.793,9,30.222,7,54.767,9,13.995,7,38.328,9,40.162,6,92.0468,9,123.267,9,69.6656,4,,,,,,,kenpom_api,four-factors,2026-02-02 03:42:04 UTC,2026-02-01 21:42:04 Central Standard Time
"Sunday, February 1",true,George Mason,2026,53.922,3,14.47,4,27.027,12,45.969,1,49.01,2,14.818,12,28.438,5,31.683,4,112.794,4,104.6,3,63.7347,13,,,,,,,kenpom_api,four-factors,2026-02-02 03:42:04 UTC,2026-02-01 21:42:04 Central Standard Time
"Sunday, February 1",true,George Washington,2026,54.83,2,17.084,9,33.851,3,26.118,12,52.015,8,17.729,4,31.348,9,34.165,8,115.722,3,107.18,7,68.9389,2,,,,,,,kenpom_api,four-factors,2026-02-02 03:42:04 UTC,2026-02-01 21:42:04 Central Standard Time
"Sunday, February 1",true,Georgetown,2026,49.594,9,16.818,8,33.978,4,35.877,5,49.313,3,14.594,9,34.264,8,30.534,4,108.272,7,110.495,6,64.7571,11,,,,,,,kenpom_api,four-factors,2026-02-02 03:42:04 UTC,2026-02-01 21:42:04 Central Standard Time
"Sunday, February 1",true,Georgia,2026,49.747,12,13.93,6,32.213,7,34.739,10,51.707,10,16.776,3,41.926,16,29.919,1,111.44,10,115.634,12,71.3702,4,,,,,,,kenpom_api,four-factors,2026-02-02 03:42:04 UTC,2026-02-01 21:42:04 Central Standard Time
"Sunday, February 1",true,Georgia Southern,2026,47.797,13,13.571,2,30.7,7,44.934,2,52.055,11,18.095,4,34.343,14,41.096,11,110.455,4,111.711,13,70.0275,3,,,,,,,kenpom_api,four-factors,2026-02-02 03:42:04 UTC,2026-02-01 21:42:04 Central Standard Time
"Sunday, February 1",true,Georgia St.,2026,48.962,10,15.533,7,29.199,8,37.38,6,48.607,5,16.749,9,32.836,12,33.746,6,108.597,6,105.896,6,67.3045,8,,,,,,,kenpom_api,four-factors,2026-02-02 03:42:04 UTC,2026-02-01 21:42:04 Central Standard Time
"Sunday, February 1",true,Georgia Tech,2026,49.611,12,18.809,18,28.146,12,36.77,5,48.793,3,12.902,17,31.844,13,35.517,8,100.107,17,110.833,10,71.4792,1,,,,,,,kenpom_api,four-factors,2026-02-02 03:42:04 UTC,2026-02-01 21:42:04 Central Standard Time
"Sunday, February 1",true,Gonzaga,2026,55.363,3,14.632,1,34.943,3,30.915,9,45.508,1,20.119,3,24.806,4,27.288,3,116.491,3,91.5886,1,70.2367,3,,,,,,,kenpom_api,four-factors,2026-02-02 03:42:04 UTC,2026-02-01 21:42:04 Central Standard Time
"Sunday, February 1",true,Grambling St.,2026,49.844,7,22.687,11,34.359,1,48.75,3,50.298,6,21.751,3,31.22,9,41.369,5,100.804,10,103.143,4,71.2604,4,,,,,,,kenpom_api,four-factors,2026-02-02 03:42:04 UTC,2026-02-01 21:42:04 Central Standard Time
"Sunday, February 1",true,Grand Canyon,2026,51.091,8,18.019,8,27.778,9,39.455,5,43.563,1,16.42,9,29.459,7,43.915,12,105.351,8,98.5215,3,68.0149,4,,,,,,,kenpom_api,four-factors,2026-02-02 03:42:04 UTC,2026-02-01 21:42:04 Central Standard Time
"Sunday, February 1",true,Green Bay,2026,57.436,1,17.213,8,26.346,10,43.096,4,54.274,9,13.559,10,29.673,3,35.55,5,116.367,3,117.429,9,65.2442,11,,,,,,,kenpom_api,four-factors,2026-02-02 03:42:04 UTC,2026-02-01 21:42:04 Central Standard Time
"Sunday, February 1",true,Hampton,2026,44.728,13,16.614,10,31.793,4,28.822,10,50.39,7,17.554,4,29.003,4,45.614,13,98.272,13,104.855,5,63.8025,12,,,,,,,kenpom_api,four-factors,2026-02-02 03:42:04 UTC,2026-02-01 21:42:04 Central Standard Time
"Sunday, February 1",true,Harvard,2026,55.094,3,14.821,4,28.436,7,32.708,5,50.787,3,16.189,4,32.456,7,34.908,7,116.973,3,110.133,4,61.5774,8,,,,,,,kenpom_api,four-factors,2026-02-02 03:42:04 UTC,2026-02-01 21:42:04 Central Standard Time
"Sunday, February 1",true,Hawaii,2026,53.84,2,19.171,10,30.848,6,35.637,9,45.102,2,17.167,6,29.274,7,32.602,3,109.265,2,96.8596,2,71.6936,6,,,,,,,kenpom_api,four-factors,2026-02-02 03:42:04 UTC,2026-02-01 21:42:04 Central Standard Time
"Sunday, February 1",true,High Point,2026,54.545,2,11.451,1,29.524,5,45.455,3,51.711,3,21.02,1,29.874,5,29.848,1,120.318,1,102.122,1,69.8298,3,,,,,,,kenpom_api,four-factors,2026-02-02 03:42:04 UTC,2026-02-01 21:42:04 Central Standard Time
"Sunday, February 1",true,Hofstra,2026,51.085,7,15.852,7,36.785,1,30.551,9,47.351,3,11.889,13,32.474,10,35.265,8,114.93,2,110.662,8,64.8128,11,,,,,,,kenpom_api,four-factors,2026-02-02 03:42:04 UTC,2026-02-01 21:42:04 Central Standard Time
"Sunday, February 1",true,Holy Cross,2026,50.745,7,15.888,3,21.474,9,32.588,6,51.363,4,14.208,9,30.233,8,27.257,3,103.733,10,109.997,6,65.4563,6,,,,,,,kenpom_api,four-factors,2026-02-02 03:42:04 UTC,2026-02-01 21:42:04 Central Standard Time
"Sunday, February 1",true,Houston,2026,52.309,7,10.988,1,35.789,4,28.112,11,49.265,4,22.747,1,32.812,11,39.216,16,122.217,1,99.2771,2,64.8438,15,,,,,,,kenpom_api,four-factors,2026-02-02 03:42:04 UTC,2026-02-01 21:42:04 Central Standard Time
"Sunday, February 1",true,Houston Christian,2026,51.176,6,20.744,12,34.615,5,40.735,4,55.743,12,16.832,7,33.575,9,28.919,2,106.447,6,115.693,12,64.2932,12,,,,,,,kenpom_api,four-factors,2026-02-02 03:42:04 UTC,2026-02-01 21:42:04 Central Standard Time
"Sunday, February 1",true,Howard,2026,47.406,7,21.782,6,42.714,1,44.669,7,45.26,2,23.188,1,28.972,2,39.45,2,104.462,3,91.814,1,71.1583,3,,,,,,,kenpom_api,four-factors,2026-02-02 03:42:04 UTC,2026-02-01 21:42:04 Central Standard Time
"Sunday, February 1",true,Idaho,2026,53.053,4,14.411,2,27.188,7,39.504,3,50.771,3,16.945,3,29.114,6,41.618,8,111.804,4,109.27,4,70.1625,3,,,,,,,kenpom_api,four-factors,2026-02-02 03:42:04 UTC,2026-02-01 21:42:04 Central Standard Time
"Sunday, February 1",true,Idaho St.,2026,52.761,6,15.279,5,30.42,6,38.462,4,54.28,7,14.304,9,27.018,3,40.467,7,110.531,6,116.545,9,67.4458,7,,,,,,,kenpom_api,four-factors,2026-02-02 03:42:04 UTC,2026-02-01 21:42:04 Central Standard Time
"Sunday, February 1",true,Illinois,2026,54.524,7,13.283,5,38.043,1,36.037,5,50.367,6,10.457,18,25.765,3,17.155,1,124.779,1,109.376,8,64.3318,14,,,,,,,kenpom_api,four-factors,2026-02-02 03:42:04 UTC,2026-02-01 21:42:04 Central Standard Time
"Sunday, February 1",true,Illinois Chicago,2026,49.138,9,16.972,6,36.277,1,34.195,7,48.843,4,20.392,1,31.017,10,33.796,4,108.291,5,100.945,4,65.1528,10,,,,,,,kenpom_api,four-factors,2026-02-02 03:42:04 UTC,2026-02-01 21:42:04 Central Standard Time
"Sunday, February 1",true,Illinois St.,2026,53.249,3,17.237,7,29.65,5,31.379,9,48.302,2,17.905,3,21.39,1,39.219,10,108.366,4,97.6767,1,67.3348,8,,,,,,,kenpom_api,four-factors,2026-02-02 03:42:04 UTC,2026-02-01 21:42:04 Central Standard Time
"Sunday, February 1",true,Incarnate Word,2026,48.667,10,18.373,5,33.766,7,33.867,8,53.103,10,17.569,6,33.496,8,42.172,11,104.497,8,111.387,9,66.9875,4,,,,,,,kenpom_api,four-factors,2026-02-02 03:42:04 UTC,2026-02-01 21:42:04 Central Standard Time
"Sunday, February 1",true,Indiana,2026,56.47,4,13.913,8,26.074,15,32.907,10,52.174,10,15.399,8,30.508,7,39.936,17,117.381,4,113.194,9,65.6914,9,,,,,,,kenpom_api,four-factors,2026-02-02 03:42:04 UTC,2026-02-01 21:42:04 Central Standard Time
"Sunday, February 1",true,Indiana St.,2026,53.879,2,18.907,10,24.819,9,34.052,8,53.042,10,12.992,11,28.571,6,31.085,3,104.744,8,112.632,11,68.3311,6,,,,,,,kenpom_api,four-factors,2026-02-02 03:42:04 UTC,2026-02-01 21:42:04 Central Standard Time
"Sunday, February 1",true,Iona,2026,49.051,7,18.276,12,26.977,10,26.423,12,46.879,5,16.774,7,33.259,11,26.491,3,99.3929,12,102.272,4,66.5708,6,,,,,,,kenpom_api,four-factors,2026-02-02 03:42:04 UTC,2026-02-01 21:42:04 Central Standard Time
"Sunday, February 1",true,Iowa,2026,54.696,5,17.229,14,28.571,12,28.545,16,50.982,7,19.891,1,32.997,14,40.668,18,112.142,10,106.034,4,63.8475,16,,,,,,,kenpom_api,four-factors,2026-02-02 03:42:04 UTC,2026-02-01 21:42:04 Central Standard Time
"Sunday, February 1",true,Iowa St.,2026,56.654,2,16.591,12,37.543,2,37.072,4,48.359,2,18.891,2,29.56,6,27.992,3,119.754,5,100.041,3,67.6389,12,,,,,,,kenpom_api,four-factors,2026-02-02 03:42:04 UTC,2026-02-01 21:42:04 Central Standard Time
"Sunday, February 1",true,IU Indy,2026,50.708,11,15.159,4,30.453,8,21.58,11,58.196,11,19.382,1,36.203,10,45.868,11,107.736,11,119.43,10,70.3694,4,,,,,,,kenpom_api,four-factors,2026-02-02 03:42:04 UTC,2026-02-01 21:42:04 Central Standard Time
"Sunday, February 1",true,Jackson St.,2026,48.608,8,17.02,2,27.946,10,42.184,7,49.202,4,16.673,11,35.913,12,39.92,4,106.116,7,110.457,10,71.9734,3,,,,,,,kenpom_api,four-factors,2026-02-02 03:42:04 UTC,2026-02-01 21:42:04 Central Standard Time
"Sunday, February 1",true,Jacksonville,2026,50.654,12,17.439,11,30.744,4,33.458,6,52.326,4,15.711,4,24.585,1,38.76,10,105.418,12,107.303,2,62.8871,12,,,,,,,kenpom_api,four-factors,2026-02-02 03:42:04 UTC,2026-02-01 21:42:04 Central Standard Time
"Sunday, February 1",true,Jacksonville St.,2026,52.456,4,19.413,12,30.392,8,48.33,1,50.0,4,16.531,7,31.672,6,32.513,3,108.135,6,106.77,6,65.9362,7,,,,,,,kenpom_api,four-factors,2026-02-02 03:42:04 UTC,2026-02-01 21:42:04 Central Standard Time
"Sunday, February 1",true,James Madison,2026,52.597,2,18.748,13,31.07,6,38.636,4,46.884,2,10.579,14,29.561,7,43.009,13,108.74,5,110.213,12,67.0894,9,,,,,,,kenpom_api,four-factors,2026-02-02 03:42:04 UTC,2026-02-01 21:42:04 Central Standard Time
"Sunday, February 1",true,Kansas,2026,56.356,3,12.969,2,28.295,12,37.712,3,48.938,3,12.969,15,31.722,8,28.378,5,120.5,3,108.972,5,68.2012,11,,,,,,,kenpom_api,four-factors,2026-02-02 03:42:04 UTC,2026-02-01 21:42:04 Central Standard Time
"Sunday, February 1",true,Kansas City,2026,48.172,8,17.184,9,29.882,4,27.422,8,56.903,8,14.797,5,35.082,9,30.088,3,100.08,8,121.718,9,69.8333,4,,,,,,,kenpom_api,four-factors,2026-02-02 03:42:04 UTC,2026-02-01 21:42:04 Central Standard Time
"Sunday, February 1",true,Kansas St.,2026,48.294,15,16.177,10,26.912,14,19.283,16,53.73,12,15.869,8,37.377,15,36.057,13,99.6842,15,116.324,14,72.1167,4,,,,,,,kenpom_api,four-factors,2026-02-02 03:42:04 UTC,2026-02-01 21:42:04 Central Standard Time
"Sunday, February 1",true,Kennesaw St.,2026,48.273,9,16.353,4,36.768,1,43.393,3,47.72,1,15.323,10,31.719,8,42.857,9,109.578,5,106.359,5,70.6011,2,,,,,,,kenpom_api,four-factors,2026-02-02 03:42:04 UTC,2026-02-01 21:42:04 Central Standard Time
"Sunday, February 1",true,Kent St.,2026,49.265,11,19.461,12,39.05,1,42.81,2,49.195,2,14.527,12,29.008,4,39.291,9,109.912,6,107.582,4,70.4878,3,,,,,,,kenpom_api,four-factors,2026-02-02 03:42:04 UTC,2026-02-01 21:42:04 Central Standard Time
"Sunday, February 1",true,Kentucky,2026,50.874,8,15.362,10,33.333,6,45.049,4,51.333,9,15.199,7,32.692,9,37.524,9,112.112,8,111.458,4,67.9875,12,,,,,,,kenpom_api,four-factors,2026-02-02 03:42:04 UTC,2026-02-01 21:42:04 Central Standard Time
"Sunday, February 1",true,La Salle,2026,46.843,13,15.868,5,29.653,7,40.122,4,54.42,11,16.386,7,32.414,11,27.701,3,102.626,12,113.147,11,64.4194,11,,,,,,,kenpom_api,four-factors,2026-02-02 03:42:04 UTC,2026-02-01 21:42:04 Central Standard Time
"Sunday, February 1",true,Lafayette,2026,49.225,10,13.604,1,26.287,7,32.874,5,53.376,5,17.043,4,25.46,5,35.766,8,104.049,9,108.235,4,66.0919,4,,,,,,,kenpom_api,four-factors,2026-02-02 03:42:04 UTC,2026-02-01 21:42:04 Central Standard Time
"Sunday, February 1",true,Lamar,2026,49.798,9,18.71,7,37.225,3,29.704,10,50.073,6,16.803,8,29.224,2,45.161,12,108.087,5,106.538,5,64.549,11,,,,,,,kenpom_api,four-factors,2026-02-02 03:42:04 UTC,2026-02-01 21:42:04 Central Standard Time
"Sunday, February 1",true,Le Moyne,2026,51.121,5,18.153,8,25.223,9,41.682,1,45.656,1,16.235,6,29.551,6,32.709,4,103.607,8,99.0315,3,67.7562,2,,,,,,,kenpom_api,four-factors,2026-02-02 03:42:04 UTC,2026-02-01 21:42:04 Central Standard Time
"Sunday, February 1",true,Lehigh,2026,53.521,4,16.719,9,19.688,10,31.866,7,49.917,3,16.577,5,30.919,10,32.285,5,106.546,8,105.979,3,66.5309,2,,,,,,,kenpom_api,four-factors,2026-02-02 03:42:04 UTC,2026-02-01 21:42:04 Central Standard Time
"Sunday, February 1",true,Liberty,2026,61.017,1,12.571,1,19.424,12,34.463,7,50.419,6,18.397,3,33.799,12,22.483,1,120.652,1,105.935,3,64.3758,8,,,,,,,kenpom_api,four-factors,2026-02-02 03:42:04 UTC,2026-02-01 21:42:04 Central Standard Time
"Sunday, February 1",true,Lindenwood,2026,51.88,3,19.57,9,33.412,4,38.997,5,48.067,5,18.891,4,32.584,6,32.0,2,106.335,6,100.566,5,73.6667,1,,,,,,,kenpom_api,four-factors,2026-02-02 03:42:04 UTC,2026-02-01 21:42:04 Central Standard Time
"Sunday, February 1",true,Lipscomb,2026,56.446,5,13.647,3,26.524,11,28.76,11,52.083,3,16.807,3,29.132,6,29.333,3,117.508,6,108.745,3,68.7172,5,,,,,,,kenpom_api,four-factors,2026-02-02 03:42:04 UTC,2026-02-01 21:42:04 Central Standard Time
"Sunday, February 1",true,Little Rock,2026,51.082,4,16.616,2,32.011,6,31.994,11,50.549,7,21.135,1,36.911,11,32.759,3,108.6,3,105.676,7,68.3909,4,,,,,,,kenpom_api,four-factors,2026-02-02 03:42:04 UTC,2026-02-01 21:42:04 Central Standard Time
"Sunday, February 1",true,LIU,2026,51.901,3,18.086,7,37.662,1,31.559,6,47.764,4,18.421,3,26.367,3,33.13,5,110.025,2,96.9626,2,66.3486,3,,,,,,,kenpom_api,four-factors,2026-02-02 03:42:04 UTC,2026-02-01 21:42:04 Central Standard Time
"Sunday, February 1",true,Long Beach St.,2026,51.087,7,17.473,5,27.034,10,33.23,10,50.487,5,16.446,9,26.902,4,45.455,10,105.354,7,107.539,8,70.0121,8,,,,,,,kenpom_api,four-factors,2026-02-02 03:42:04 UTC,2026-02-01 21:42:04 Central Standard Time
"Sunday, February 1",true,Longwood,2026,52.987,5,20.635,9,35.452,2,29.287,9,52.004,5,19.822,2,29.808,4,38.277,4,107.399,6,105.287,3,67.3745,8,,,,,,,kenpom_api,four-factors,2026-02-02 03:42:04 UTC,2026-02-01 21:42:04 Central Standard Time
"Sunday, February 1",true,Louisiana,2026,51.309,5,15.409,6,25.627,10,24.386,14,51.537,10,18.578,2,31.325,10,43.4,14,105.417,10,107.865,8,63.1261,14,,,,,,,kenpom_api,four-factors,2026-02-02 03:42:04 UTC,2026-02-01 21:42:04 Central Standard Time
"Sunday, February 1",true,Louisiana Monroe,2026,46.761,14,18.585,12,23.284,14,36.019,7,56.205,14,16.815,8,33.247,13,24.822,2,96.0839,14,115.174,14,70.3159,2,,,,,,,kenpom_api,four-factors,2026-02-02 03:42:04 UTC,2026-02-01 21:42:04 Central Standard Time
"Sunday, February 1",true,Louisiana Tech,2026,46.223,11,16.579,5,33.333,5,37.41,5,51.113,8,15.947,8,31.672,6,37.848,7,102.629,10,110.05,9,62.5996,11,,,,,,,kenpom_api,four-factors,2026-02-02 03:42:04 UTC,2026-02-01 21:42:04 Central Standard Time
"Sunday, February 1",true,Louisville,2026,53.533,8,16.578,14,32.308,5,27.899,17,51.046,8,15.934,9,27.795,6,34.601,7,114.116,5,106.551,6,69.0333,7,,,,,,,kenpom_api,four-factors,2026-02-02 03:42:04 UTC,2026-02-01 21:42:04 Central Standard Time
"Sunday, February 1",true,Loyola Chicago,2026,47.942,12,21.973,14,34.078,2,24.528,13,53.294,9,12.24,14,28.743,6,35.304,10,96.151,14,117.387,12,67.81,8,,,,,,,kenpom_api,four-factors,2026-02-02 03:42:04 UTC,2026-02-01 21:42:04 Central Standard Time
"Sunday, February 1",true,Loyola Marymount,2026,48.502,8,18.28,9,22.977,11,31.23,8,52.041,7,14.804,9,33.586,8,31.778,5,97.966,10,114.058,10,69.1623,4,,,,,,,kenpom_api,four-factors,2026-02-02 03:42:04 UTC,2026-02-01 21:42:04 Central Standard Time
"Sunday, February 1",true,Loyola MD,2026,50.0,9,16.592,7,29.917,4,31.145,8,54.738,9,15.137,8,24.691,3,25.381,2,106.832,7,110.179,7,67.8975,1,,,,,,,kenpom_api,four-factors,2026-02-02 03:42:04 UTC,2026-02-01 21:42:04 Central Standard Time
"Sunday, February 1",true,LSU,2026,50.678,10,16.432,13,31.023,11,36.822,8,52.914,12,14.48,10,34.713,13,41.165,12,108.194,14,116.003,13,67.3696,15,,,,,,,kenpom_api,four-factors,2026-02-02 03:42:04 UTC,2026-02-01 21:42:04 Central Standard Time
"Sunday, February 1",true,Maine,2026,48.171,8,14.241,4,17.625,9,38.049,2,48.526,3,18.142,1,32.432,9,30.612,3,98.515,8,103.392,3,64.0766,5,,,,,,,kenpom_api,four-factors,2026-02-02 03:42:04 UTC,2026-02-01 21:42:04 Central Standard Time
"Sunday, February 1",true,Manhattan,2026,46.927,11,15.044,2,28.45,9,30.218,7,52.833,10,16.616,8,36.481,12,25.493,2,104.523,8,113.056,10,67.8321,2,,,,,,,kenpom_api,four-factors,2026-02-02 03:42:04 UTC,2026-02-01 21:42:04 Central Standard Time
"Sunday, February 1",true,Marist,2026,49.459,6,17.094,8,26.037,12,27.334,10,43.724,1,20.17,2,27.859,2,38.928,12,101.991,9,92.9888,1,66.8709,5,,,,,,,kenpom_api,four-factors,2026-02-02 03:42:04 UTC,2026-02-01 21:42:04 Central Standard Time
"Sunday, February 1",true,Marquette,2026,50.616,7,15.53,5,29.176,9,30.548,8,52.452,7,17.56,4,36.765,11,31.063,5,104.526,9,113.366,7,69.0051,5,,,,,,,kenpom_api,four-factors,2026-02-02 03:42:04 UTC,2026-02-01 21:42:04 Central Standard Time
"Sunday, February 1",true,Marshall,2026,53.387,1,15.988,9,34.435,3,28.871,13,47.175,3,18.004,5,32.808,11,40.925,10,113.356,2,104.57,4,69.4275,6,,,,,,,kenpom_api,four-factors,2026-02-02 03:42:04 UTC,2026-02-01 21:42:04 Central Standard Time
"Sunday, February 1",true,Maryland,2026,46.794,17,17.232,15,31.233,9,33.449,9,59.419,17,12.886,15,29.87,6,38.204,15,100.393,17,124.817,17,66.7375,5,,,,,,,kenpom_api,four-factors,2026-02-02 03:42:04 UTC,2026-02-01 21:42:04 Central Standard Time
"Sunday, February 1",true,Maryland Eastern Shore,2026,48.589,5,19.298,3,27.333,8,47.984,6,46.6,3,22.974,2,30.0,3,41.6,3,102.921,5,94.3447,2,65.2925,8,,,,,,,kenpom_api,four-factors,2026-02-02 03:42:04 UTC,2026-02-01 21:42:04 Central Standard Time
"Sunday, February 1",true,Massachusetts,2026,51.947,6,17.248,9,29.847,6,40.966,3,54.098,9,16.354,10,25.138,1,46.066,13,109.109,8,110.004,9,70.2758,5,,,,,,,kenpom_api,four-factors,2026-02-02 03:42:04 UTC,2026-02-01 21:42:04 Central Standard Time
"Sunday, February 1",true,McNeese,2026,53.976,2,15.354,2,39.183,1,37.871,6,49.474,5,24.094,1,32.5,5,39.549,8,120.586,1,99.9173,2,65.1308,9,,,,,,,kenpom_api,four-factors,2026-02-02 03:42:04 UTC,2026-02-01 21:42:04 Central Standard Time
"Sunday, February 1",true,Memphis,2026,49.905,7,20.248,13,33.438,8,33.397,12,47.002,1,21.513,2,33.837,9,36.944,7,103.454,10,99.4997,1,70.2403,4,,,,,,,kenpom_api,four-factors,2026-02-02 03:42:04 UTC,2026-02-01 21:42:04 Central Standard Time
"Sunday, February 1",true,Mercer,2026,56.922,1,15.543,7,39.706,1,39.414,3,52.576,4,16.968,2,32.8,9,28.019,2,126.479,1,111.792,3,70.13,1,,,,,,,kenpom_api,four-factors,2026-02-02 03:42:04 UTC,2026-02-01 21:42:04 Central Standard Time
"Sunday, February 1",true,Mercyhurst,2026,50.893,6,14.011,1,26.087,7,22.679,10,47.757,3,18.15,4,30.792,7,34.579,6,106.83,5,100.462,4,62.0346,8,,,,,,,kenpom_api,four-factors,2026-02-02 03:42:04 UTC,2026-02-01 21:42:04 Central Standard Time
"Sunday, February 1",true,Merrimack,2026,52.435,3,15.298,4,25.683,13,43.019,1,45.142,3,20.266,1,40.288,13,34.23,11,111.006,3,100.807,3,63.7354,11,,,,,,,kenpom_api,four-factors,2026-02-02 03:42:04 UTC,2026-02-01 21:42:04 Central Standard Time
"Sunday, February 1",true,Miami FL,2026,54.192,7,16.448,11,33.452,4,43.313,1,54.663,14,16.774,6,22.648,1,31.349,5,113.995,6,107.807,8,68.2292,9,,,,,,,kenpom_api,four-factors,2026-02-02 03:42:04 UTC,2026-02-01 21:42:04 Central Standard Time
"Sunday, February 1",true,Miami OH,2026,60.499,1,15.332,2,26.948,11,45.439,1,52.016,7,17.638,7,28.261,3,31.129,2,123.739,1,107.322,3,71.8585,1,,,,,,,kenpom_api,four-factors,2026-02-02 03:42:04 UTC,2026-02-01 21:42:04 Central Standard Time
"Sunday, February 1",true,Michigan,2026,56.988,3,16.889,13,34.731,3,42.391,1,47.664,2,17.777,3,31.159,9,27.153,2,119.49,3,100.57,2,71.592,1,,,,,,,kenpom_api,four-factors,2026-02-02 03:42:04 UTC,2026-02-01 21:42:04 Central Standard Time
"Sunday, February 1",true,Michigan St.,2026,54.69,6,20.31,18,37.994,2,39.363,3,45.731,1,15.919,7,20.997,1,27.915,4,115.001,8,93.8674,1,65.5207,12,,,,,,,kenpom_api,four-factors,2026-02-02 03:42:04 UTC,2026-02-01 21:42:04 Central Standard Time
"Sunday, February 1",true,Middle Tennessee,2026,51.356,5,17.23,8,28.736,9,34.539,6,48.501,2,15.567,9,27.606,1,34.744,5,104.889,8,104.285,1,63.8468,10,,,,,,,kenpom_api,four-factors,2026-02-02 03:42:04 UTC,2026-02-01 21:42:04 Central Standard Time
"Sunday, February 1",true,Milwaukee,2026,50.936,10,14.905,3,33.682,5,29.838,10,53.657,8,15.689,7,28.704,2,36.436,7,109.824,10,113.41,6,68.6413,8,,,,,,,kenpom_api,four-factors,2026-02-02 03:42:04 UTC,2026-02-01 21:42:04 Central Standard Time
"Sunday, February 1",true,Minnesota,2026,52.111,10,15.831,12,23.81,17,34.291,7,52.969,12,14.997,10,31.319,10,29.219,6,106.093,14,114.008,11,64.0941,15,,,,,,,kenpom_api,four-factors,2026-02-02 03:42:04 UTC,2026-02-01 21:42:04 Central Standard Time
"Sunday, February 1",true,Mississippi,2026,47.908,14,11.834,2,28.904,14,29.88,16,50.538,7,14.565,9,35.932,15,49.032,16,108.325,13,115.061,11,67.6026,14,,,,,,,kenpom_api,four-factors,2026-02-02 03:42:04 UTC,2026-02-01 21:42:04 Central Standard Time
"Sunday, February 1",true,Mississippi St.,2026,47.456,16,16.501,14,33.613,5,33.509,14,50.175,6,10.949,15,28.235,2,37.173,6,103.786,15,113.193,9,71.0332,5,,,,,,,kenpom_api,four-factors,2026-02-02 03:42:04 UTC,2026-02-01 21:42:04 Central Standard Time
"Sunday, February 1",true,Mississippi Valley St.,2026,44.919,12,21.117,10,24.632,12,34.873,11,55.193,12,20.756,4,30.544,7,49.517,10,88.4397,12,110.64,12,69.2562,8,,,,,,,kenpom_api,four-factors,2026-02-02 03:42:04 UTC,2026-02-01 21:42:04 Central Standard Time
"Sunday, February 1",true,Missouri,2026,51.575,7,17.155,15,31.629,9,46.063,3,50.0,4,14.269,11,32.326,7,38.776,10,109.025,11,112.231,7,68.3698,11,,,,,,,kenpom_api,four-factors,2026-02-02 03:42:04 UTC,2026-02-01 21:42:04 Central Standard Time
"Sunday, February 1",true,Missouri St.,2026,53.038,3,18.146,11,35.2,2,46.141,2,51.25,10,18.818,2,32.011,9,40.5,8,112.642,3,107.131,7,66.2475,6,,,,,,,kenpom_api,four-factors,2026-02-02 03:42:04 UTC,2026-02-01 21:42:04 Central Standard Time
"Sunday, February 1",true,Monmouth,2026,48.616,11,16.938,11,30.226,8,32.526,7,46.967,2,20.767,1,34.688,13,33.795,7,102.362,11,101.037,2,66.2774,8,,,,,,,kenpom_api,four-factors,2026-02-02 03:42:04 UTC,2026-02-01 21:42:04 Central Standard Time
"Sunday, February 1",true,Montana,2026,58.111,1,19.099,10,21.771,10,35.687,7,48.953,2,15.867,7,27.451,4,34.729,4,112.829,3,102.986,2,68.0675,5,,,,,,,kenpom_api,four-factors,2026-02-02 03:42:04 UTC,2026-02-01 21:42:04 Central Standard Time
"Sunday, February 1",true,Montana St.,2026,54.325,2,15.653,6,30.864,4,31.142,9,52.17,5,15.653,8,29.503,7,22.538,1,114.935,1,108.823,3,67.0813,9,,,,,,,kenpom_api,four-factors,2026-02-02 03:42:04 UTC,2026-02-01 21:42:04 Central Standard Time
"Sunday, February 1",true,Morehead St.,2026,50.073,6,17.295,5,37.94,2,39.794,4,50.803,8,15.666,10,32.36,5,37.518,7,110.665,2,109.162,9,65.1843,10,,,,,,,kenpom_api,four-factors,2026-02-02 03:42:04 UTC,2026-02-01 21:42:04 Central Standard Time
"Sunday, February 1",true,Morgan St.,2026,47.88,6,17.715,2,28.295,7,49.127,5,48.025,4,17.715,8,36.398,7,54.321,6,103.339,4,105.504,5,72.5768,1,,,,,,,kenpom_api,four-factors,2026-02-02 03:42:04 UTC,2026-02-01 21:42:04 Central Standard Time
"Sunday, February 1",true,Mount St. Mary's,2026,48.517,8,21.492,13,33.41,6,36.017,3,45.778,4,16.435,9,31.301,7,34.169,10,99.4167,11,102.52,6,66.9288,4,,,,,,,kenpom_api,four-factors,2026-02-02 03:42:04 UTC,2026-02-01 21:42:04 Central Standard Time
"Sunday, February 1",true,Murray St.,2026,52.18,4,14.87,2,31.724,2,38.42,3,52.291,7,15.567,8,30.93,9,34.232,6,115.009,2,111.408,10,71.7333,1,,,,,,,kenpom_api,four-factors,2026-02-02 03:42:04 UTC,2026-02-01 21:42:04 Central Standard Time
"Sunday, February 1",true,N.C. State,2026,55.093,4,12.915,2,27.508,13,35.185,9,50.882,7,19.612,3,30.818,10,38.431,14,118.308,3,102.842,3,68.8017,8,,,,,,,kenpom_api,four-factors,2026-02-02 03:42:04 UTC,2026-02-01 21:42:04 Central Standard Time
"Sunday, February 1",true,Navy,2026,56.822,1,17.532,10,32.119,2,36.636,1,46.516,1,17.532,3,25.275,4,21.777,1,114.727,2,96.7339,1,63.4827,10,,,,,,,kenpom_api,four-factors,2026-02-02 03:42:04 UTC,2026-02-01 21:42:04 Central Standard Time
"Sunday, February 1",true,Nebraska,2026,57.562,2,12.482,3,23.055,18,18.981,18,49.836,5,19.0,2,27.642,4,28.618,5,117.331,5,101.382,3,65.5489,11,,,,,,,kenpom_api,four-factors,2026-02-02 03:42:04 UTC,2026-02-01 21:42:04 Central Standard Time
"Sunday, February 1",true,Nebraska Omaha,2026,53.027,7,15.881,6,25.614,8,36.133,4,50.0,1,14.918,4,24.688,1,35.192,6,108.919,7,105.39,2,69.2667,5,,,,,,,kenpom_api,four-factors,2026-02-02 03:42:04 UTC,2026-02-01 21:42:04 Central Standard Time
"Sunday, February 1",true,Nevada,2026,52.31,5,14.401,2,30.579,5,43.564,2,49.916,6,17.032,7,28.726,6,36.957,6,116.313,2,104.682,6,64.9237,10,,,,,,,kenpom_api,four-factors,2026-02-02 03:42:04 UTC,2026-02-01 21:42:04 Central Standard Time
"Sunday, February 1",true,New Hampshire,2026,50.84,3,16.043,5,28.082,5,32.983,6,50.664,8,15.863,4,25.391,3,35.841,7,107.073,4,106.352,7,66.4761,3,,,,,,,kenpom_api,four-factors,2026-02-02 03:42:04 UTC,2026-02-01 21:42:04 Central Standard Time
"Sunday, February 1",true,New Haven,2026,53.175,1,18.44,9,24.242,10,34.467,4,51.02,5,15.909,7,27.083,5,23.673,1,103.769,7,105.758,5,61.4611,10,,,,,,,kenpom_api,four-factors,2026-02-02 03:42:04 UTC,2026-02-01 21:42:04 Central Standard Time
"Sunday, February 1",true,New Mexico,2026,54.741,2,14.105,1,28.792,7,32.296,11,47.054,3,19.411,3,26.343,2,31.847,2,116.205,3,95.6294,2,70.2523,1,,,,,,,kenpom_api,four-factors,2026-02-02 03:42:04 UTC,2026-02-01 21:42:04 Central Standard Time
"Sunday, February 1",true,New Mexico St.,2026,50.38,7,14.837,2,31.738,7,31.459,12,51.223,9,13.476,11,30.263,4,45.677,11,111.071,4,113.522,12,66.7875,5,,,,,,,kenpom_api,four-factors,2026-02-02 03:42:04 UTC,2026-02-01 21:42:04 Central Standard Time
"Sunday, February 1",true,New Orleans,2026,52.793,3,20.504,11,38.609,2,46.229,2,48.705,3,14.342,12,35.977,11,35.512,4,112.828,3,112.155,10,68.6548,2,,,,,,,kenpom_api,four-factors,2026-02-02 03:42:04 UTC,2026-02-01 21:42:04 Central Standard Time
"Sunday, February 1",true,Niagara,2026,49.615,5,18.111,11,26.142,11,19.877,13,52.061,9,15.003,11,32.713,9,30.687,8,98.9356,13,113.938,12,61.6562,13,,,,,,,kenpom_api,four-factors,2026-02-02 03:42:04 UTC,2026-02-01 21:42:04 Central Standard Time
"Sunday, February 1",true,Nicholls,2026,51.558,5,17.329,3,28.384,9,37.127,7,52.525,9,22.696,2,37.25,12,38.008,6,106.1,7,106.883,6,68.8029,1,,,,,,,kenpom_api,four-factors,2026-02-02 03:42:04 UTC,2026-02-01 21:42:04 Central Standard Time
"Sunday, February 1",true,NJIT,2026,49.682,5,12.452,2,31.206,4,37.076,3,49.296,4,16.726,2,25.66,4,46.479,9,112.435,1,105.187,5,67.2609,2,,,,,,,kenpom_api,four-factors,2026-02-02 03:42:04 UTC,2026-02-01 21:42:04 Central Standard Time
"Sunday, February 1",true,Norfolk St.,2026,50.936,4,19.61,4,32.895,3,56.952,1,51.425,5,21.611,3,35.808,6,48.705,5,106.656,2,106.456,6,71.3911,2,,,,,,,kenpom_api,four-factors,2026-02-02 03:42:04 UTC,2026-02-01 21:42:04 Central Standard Time
"Sunday, February 1",true,North Alabama,2026,51.029,11,16.295,9,28.716,8,41.975,1,56.692,9,15.455,5,33.333,10,29.254,2,107.007,11,121.454,10,66.1431,10,,,,,,,kenpom_api,four-factors,2026-02-02 03:42:04 UTC,2026-02-01 21:42:04 Central Standard Time
"Sunday, February 1",true,North Carolina,2026,56.364,1,12.088,1,31.655,8,37.576,4,55.765,17,13.865,14,28.622,8,25.845,3,121.589,2,115.545,15,70.3187,2,,,,,,,kenpom_api,four-factors,2026-02-02 03:42:04 UTC,2026-02-01 21:42:04 Central Standard Time
"Sunday, February 1",true,North Carolina A&T,2026,50.351,9,17.519,12,32.143,3,39.649,4,53.266,10,12.452,12,26.87,3,37.018,10,108.012,9,115.252,11,68.2396,6,,,,,,,kenpom_api,four-factors,2026-02-02 03:42:04 UTC,2026-02-01 21:42:04 Central Standard Time
"Sunday, February 1",true,North Carolina Central,2026,54.884,1,16.674,1,32.558,5,50.698,2,52.532,6,18.156,6,37.762,8,33.755,1,116.715,1,113.01,7,67.4719,6,,,,,,,kenpom_api,four-factors,2026-02-02 03:42:04 UTC,2026-02-01 21:42:04 Central Standard Time
"Sunday, February 1",true,North Dakota,2026,54.43,4,12.85,1,34.161,2,37.613,3,58.974,9,20.078,1,28.839,4,48.291,9,120.628,3,115.006,5,68.314,6,,,,,,,kenpom_api,four-factors,2026-02-02 03:42:04 UTC,2026-02-01 21:42:04 Central Standard Time
"Sunday, February 1",true,North Dakota St.,2026,57.699,2,15.214,3,35.495,1,25.362,9,53.465,4,19.348,2,27.083,2,24.554,1,122.209,1,105.176,1,64.6088,9,,,,,,,kenpom_api,four-factors,2026-02-02 03:42:04 UTC,2026-02-01 21:42:04 Central Standard Time
"Sunday, February 1",true,North Florida,2026,57.54,2,15.983,7,28.698,9,26.032,12,58.1,11,10.334,12,33.425,11,28.719,1,118.634,4,128.141,12,71.6961,1,,,,,,,kenpom_api,four-factors,2026-02-02 03:42:04 UTC,2026-02-01 21:42:04 Central Standard Time
"Sunday, February 1",true,North Texas,2026,44.59,12,17.178,8,34.111,5,33.955,11,50.333,9,22.629,1,32.862,7,49.667,13,99.4343,12,102.077,2,67.2694,10,,,,,,,kenpom_api,four-factors,2026-02-02 03:42:04 UTC,2026-02-01 21:42:04 Central Standard Time
"Sunday, February 1",true,Northeastern,2026,55.751,1,13.562,1,26.453,12,26.837,13,59.845,13,16.529,7,34.628,11,42.142,12,114.29,3,123.472,13,70.785,2,,,,,,,kenpom_api,four-factors,2026-02-02 03:42:04 UTC,2026-02-01 21:42:04 Central Standard Time
"Sunday, February 1",true,Northern Arizona,2026,54.049,3,15.226,4,24.917,9,33.522,8,59.806,10,16.01,6,34.884,10,27.385,2,110.503,7,125.571,10,63.7088,10,,,,,,,kenpom_api,four-factors,2026-02-02 03:42:04 UTC,2026-02-01 21:42:04 Central Standard Time
"Sunday, February 1",true,Northern Colorado,2026,53.035,5,15.917,7,30.791,5,24.76,10,52.972,6,13.501,10,24.699,2,44.056,9,111.133,5,113.975,7,69.4756,4,,,,,,,kenpom_api,four-factors,2026-02-02 03:42:04 UTC,2026-02-01 21:42:04 Central Standard Time
"Sunday, February 1",true,Northern Illinois,2026,48.727,12,22.44,13,33.238,4,38.364,5,51.529,5,17.952,5,29.217,6,41.367,11,98.4455,13,106.987,2,69.0738,10,,,,,,,kenpom_api,four-factors,2026-02-02 03:42:04 UTC,2026-02-01 21:42:04 Central Standard Time
"Sunday, February 1",true,Northern Iowa,2026,50.313,5,16.301,5,22.423,10,24.765,11,47.984,1,14.831,9,24.0,2,28.992,1,100.209,9,99.8079,2,62.3698,11,,,,,,,kenpom_api,four-factors,2026-02-02 03:42:04 UTC,2026-02-01 21:42:04 Central Standard Time
"Sunday, February 1",true,Northern Kentucky,2026,53.491,6,15.637,5,30.968,7,36.035,5,53.562,7,17.871,3,33.187,7,36.132,6,114.138,6,109.883,2,71.5952,1,,,,,,,kenpom_api,four-factors,2026-02-02 03:42:04 UTC,2026-02-01 21:42:04 Central Standard Time
"Sunday, February 1",true,Northwestern,2026,49.533,14,13.161,4,27.926,14,31.415,12,54.153,14,13.846,14,31.921,13,38.658,16,108.849,12,116.8,14,65.5985,10,,,,,,,kenpom_api,four-factors,2026-02-02 03:42:04 UTC,2026-02-01 21:42:04 Central Standard Time
"Sunday, February 1",true,Northwestern St.,2026,50.554,7,18.515,6,26.579,12,40.506,5,54.954,11,16.751,9,31.551,4,37.652,5,104.413,9,112.726,11,66.1635,6,,,,,,,kenpom_api,four-factors,2026-02-02 03:42:04 UTC,2026-02-01 21:42:04 Central Standard Time
"Sunday, February 1",true,Notre Dame,2026,48.365,14,16.091,7,30.931,10,35.769,7,52.457,12,11.446,18,27.273,4,35.539,9,104.508,15,115.954,16,65.2386,16,,,,,,,kenpom_api,four-factors,2026-02-02 03:42:04 UTC,2026-02-01 21:42:04 Central Standard Time
"Sunday, February 1",true,Oakland,2026,53.177,7,14.128,2,35.371,4,46.125,1,51.503,1,15.315,8,33.267,8,20.694,1,119.604,2,110.437,3,71.325,2,,,,,,,kenpom_api,four-factors,2026-02-02 03:42:04 UTC,2026-02-01 21:42:04 Central Standard Time
"Sunday, February 1",true,Ohio,2026,51.012,7,16.934,8,28.084,9,39.408,4,51.831,6,18.589,3,32.884,10,43.79,12,106.443,9,109.116,5,71.4,2,,,,,,,kenpom_api,four-factors,2026-02-02 03:42:04 UTC,2026-02-01 21:42:04 Central Standard Time
"Sunday, February 1",true,Ohio St.,2026,54.096,8,14.831,9,33.333,5,31.839,11,51.57,9,14.695,13,33.333,15,37.363,14,116.607,7,115.654,13,66.1044,7,,,,,,,kenpom_api,four-factors,2026-02-02 03:42:04 UTC,2026-02-01 21:42:04 Central Standard Time
"Sunday, February 1",true,Oklahoma,2026,49.637,13,15.972,11,31.231,10,33.757,12,53.17,13,13.6,13,33.333,10,37.5,8,108.486,12,116.868,14,69.3281,8,,,,,,,kenpom_api,four-factors,2026-02-02 03:42:04 UTC,2026-02-01 21:42:04 Central Standard Time
"Sunday, February 1",true,Oklahoma St.,2026,51.027,10,15.99,9,28.328,11,33.265,9,54.97,13,16.685,4,32.509,9,29.622,7,107.411,10,114.536,13,71.9203,5,,,,,,,kenpom_api,four-factors,2026-02-02 03:42:04 UTC,2026-02-01 21:42:04 Central Standard Time
"Sunday, February 1",true,Old Dominion,2026,49.179,8,14.141,3,24.122,13,34.478,8,50.155,8,15.16,10,27.848,6,42.236,12,104.973,11,108.158,10,69.8782,4,,,,,,,kenpom_api,four-factors,2026-02-02 03:42:04 UTC,2026-02-01 21:42:04 Central Standard Time
"Sunday, February 1",true,Oral Roberts,2026,48.077,9,16.792,8,27.108,6,34.038,5,54.655,6,12.917,8,32.459,8,40.223,8,99.9455,9,119.644,8,67.1497,8,,,,,,,kenpom_api,four-factors,2026-02-02 03:42:04 UTC,2026-02-01 21:42:04 Central Standard Time
"Sunday, February 1",true,Oregon,2026,46.854,16,18.258,17,31.234,8,33.775,8,53.509,13,14.861,12,36.288,18,33.971,10,100.349,18,118.607,15,63.4845,18,,,,,,,kenpom_api,four-factors,2026-02-02 03:42:04 UTC,2026-02-01 21:42:04 Central Standard Time
"Sunday, February 1",true,Oregon St.,2026,47.531,9,17.662,8,24.079,10,46.032,1,53.195,10,15.76,8,32.329,7,37.7,11,100.402,9,114.532,11,66.0866,10,,,,,,,kenpom_api,four-factors,2026-02-02 03:42:04 UTC,2026-02-01 21:42:04 Central Standard Time
"Sunday, February 1",true,Pacific,2026,53.404,5,20.336,12,38.056,1,32.253,7,50.419,6,16.076,7,23.481,2,36.683,9,111.436,5,105.665,5,65.4194,11,,,,,,,kenpom_api,four-factors,2026-02-02 03:42:04 UTC,2026-02-01 21:42:04 Central Standard Time
"Sunday, February 1",true,Penn,2026,50.868,7,14.949,5,31.513,3,38.462,1,54.68,6,17.687,1,28.761,3,27.094,2,109.909,7,109.278,2,67.8482,2,,,,,,,kenpom_api,four-factors,2026-02-02 03:42:04 UTC,2026-02-01 21:42:04 Central Standard Time
"Sunday, February 1",true,Penn St.,2026,51.022,12,15.443,10,25.806,16,29.717,13,62.128,18,15.309,9,31.875,12,30.829,7,107.161,13,127.17,18,67.6977,4,,,,,,,kenpom_api,four-factors,2026-02-02 03:42:04 UTC,2026-02-01 21:42:04 Central Standard Time
"Sunday, February 1",true,Pepperdine,2026,44.849,11,18.988,10,26.099,9,34.991,4,56.359,12,16.686,6,35.952,12,23.688,1,93.5016,11,118.1,12,68.625,6,,,,,,,kenpom_api,four-factors,2026-02-02 03:42:04 UTC,2026-02-01 21:42:04 Central Standard Time
"Sunday, February 1",true,Pittsburgh,2026,47.989,16,15.519,4,34.783,3,28.519,16,56.535,18,16.7,7,27.652,5,36.929,12,105.09,13,115.211,14,64.9812,17,,,,,,,kenpom_api,four-factors,2026-02-02 03:42:04 UTC,2026-02-01 21:42:04 Central Standard Time
"Sunday, February 1",true,Portland,2026,47.48,10,16.571,6,30.052,7,36.22,3,53.349,11,16.838,5,34.332,9,39.394,12,103.169,8,113.994,9,67.2842,8,,,,,,,kenpom_api,four-factors,2026-02-02 03:42:04 UTC,2026-02-01 21:42:04 Central Standard Time
"Sunday, February 1",true,Portland St.,2026,52.326,7,18.121,9,31.208,3,37.403,5,46.443,1,17.168,2,23.885,1,44.715,10,108.093,10,97.9196,1,67.946,6,,,,,,,kenpom_api,four-factors,2026-02-02 03:42:04 UTC,2026-02-01 21:42:04 Central Standard Time
"Sunday, February 1",true,Prairie View A&M,2026,48.173,11,16.772,1,26.462,11,46.731,6,51.107,8,20.247,5,35.423,11,38.93,3,103.048,9,106.07,6,73.5361,2,,,,,,,kenpom_api,four-factors,2026-02-02 03:42:04 UTC,2026-02-01 21:42:04 Central Standard Time
"Sunday, February 1",true,Presbyterian,2026,55.967,1,18.047,7,30.545,4,47.737,2,51.756,4,13.735,9,28.882,3,36.229,2,112.433,4,111.954,8,67.7417,7,,,,,,,kenpom_api,four-factors,2026-02-02 03:42:04 UTC,2026-02-01 21:42:04 Central Standard Time
"Sunday, February 1",true,Princeton,2026,51.55,6,12.955,1,30.045,4,34.625,3,49.068,2,13.849,6,35.714,8,25.874,1,113.919,4,112.132,5,62.881,7,,,,,,,kenpom_api,four-factors,2026-02-02 03:42:04 UTC,2026-02-01 21:42:04 Central Standard Time
"Sunday, February 1",true,Providence,2026,53.483,4,16.118,7,33.073,6,39.913,2,53.976,9,11.634,11,32.874,7,36.792,7,114.767,3,120.221,11,71.7956,2,,,,,,,kenpom_api,four-factors,2026-02-02 03:42:04 UTC,2026-02-01 21:42:04 Central Standard Time
"Sunday, February 1",true,Purdue,2026,57.972,1,12.221,1,31.268,7,29.257,15,54.62,15,16.388,5,24.179,2,27.558,3,123.047,2,108.465,5,65.4591,13,,,,,,,kenpom_api,four-factors,2026-02-02 03:42:04 UTC,2026-02-01 21:42:04 Central Standard Time
"Sunday, February 1",true,Purdue Fort Wayne,2026,53.797,5,12.976,1,21.394,11,30.52,9,52.257,4,18.984,2,36.19,9,27.223,2,110.056,9,110.657,4,69.3583,5,,,,,,,kenpom_api,four-factors,2026-02-02 03:42:04 UTC,2026-02-01 21:42:04 Central Standard Time
"Sunday, February 1",true,Queens,2026,56.639,4,13.733,4,33.133,2,34.262,5,52.822,6,15.323,6,27.844,4,40.564,11,122.152,2,110.876,6,69.1762,4,,,,,,,kenpom_api,four-factors,2026-02-02 03:42:04 UTC,2026-02-01 21:42:04 Central Standard Time
"Sunday, February 1",true,Quinnipiac,2026,50.366,4,15.091,3,33.909,4,30.0,8,48.906,7,17.278,5,29.694,4,30.373,7,109.024,4,102.573,7,69.6599,1,,,,,,,kenpom_api,four-factors,2026-02-02 03:42:04 UTC,2026-02-01 21:42:04 Central Standard Time
"Sunday, February 1",true,Radford,2026,53.817,3,16.427,4,28.391,7,45.038,4,53.605,8,18.116,3,30.915,6,40.987,7,113.15,3,109.311,6,70.5417,2,,,,,,,kenpom_api,four-factors,2026-02-02 03:42:04 UTC,2026-02-01 21:42:04 Central Standard Time
"Sunday, February 1",true,Rhode Island,2026,49.69,11,18.886,13,29.276,9,38.636,6,54.846,13,20.928,2,26.8,1,50.591,14,103.618,11,104.639,4,64.3796,12,,,,,,,kenpom_api,four-factors,2026-02-02 03:42:04 UTC,2026-02-01 21:42:04 Central Standard Time
"Sunday, February 1",true,Rice,2026,50.484,6,17.592,9,37.16,2,34.69,10,53.232,12,15.522,8,36.364,11,43.636,12,111.243,5,120.211,12,64.4236,12,,,,,,,kenpom_api,four-factors,2026-02-02 03:42:04 UTC,2026-02-01 21:42:04 Central Standard Time
"Sunday, February 1",true,Richmond,2026,51.054,9,13.385,2,26.036,13,32.162,7,54.153,10,15.363,9,35.277,14,26.91,2,109.364,6,117.426,13,65.7438,9,,,,,,,kenpom_api,four-factors,2026-02-02 03:42:04 UTC,2026-02-01 21:42:04 Central Standard Time
"Sunday, February 1",true,Rider,2026,47.636,10,16.557,6,34.884,3,31.662,5,53.862,12,13.092,13,32.854,10,29.354,6,104.99,7,117.183,13,64.9271,9,,,,,,,kenpom_api,four-factors,2026-02-02 03:42:04 UTC,2026-02-01 21:42:04 Central Standard Time
"Sunday, February 1",true,Robert Morris,2026,54.278,4,18.621,10,38.202,1,31.29,8,55.182,10,16.072,6,25.622,1,44.538,10,113.72,7,114.496,8,67.4344,10,,,,,,,kenpom_api,four-factors,2026-02-02 03:42:04 UTC,2026-02-01 21:42:04 Central Standard Time
"Sunday, February 1",true,Rutgers,2026,46.519,18,13.385,6,29.612,11,29.333,14,56.854,16,16.062,6,36.232,17,36.137,12,104.4,15,122.469,16,65.7355,8,,,,,,,kenpom_api,four-factors,2026-02-02 03:42:04 UTC,2026-02-01 21:42:04 Central Standard Time
"Sunday, February 1",true,Sacramento St.,2026,49.818,9,13.533,1,25.0,8,41.166,2,56.703,9,16.878,4,31.894,8,32.79,3,109.935,9,116.473,8,72.084,1,,,,,,,kenpom_api,four-factors,2026-02-02 03:42:04 UTC,2026-02-01 21:42:04 Central Standard Time
"Sunday, February 1",true,Sacred Heart,2026,54.138,2,17.885,10,28.538,8,35.448,4,54.381,13,13.1,12,27.231,1,27.835,4,112.321,2,113.916,11,67.526,3,,,,,,,kenpom_api,four-factors,2026-02-02 03:42:04 UTC,2026-02-01 21:42:04 Central Standard Time
"Sunday, February 1",true,Saint Francis,2026,51.222,4,15.247,3,25.818,8,37.111,3,53.515,9,19.472,2,33.206,8,41.723,10,106.547,6,110.588,7,68.0453,1,,,,,,,kenpom_api,four-factors,2026-02-02 03:42:04 UTC,2026-02-01 21:42:04 Central Standard Time
"Sunday, February 1",true,Saint Joseph's,2026,52.358,5,16.902,8,29.47,8,30.0,9,49.739,3,15.293,10,31.378,10,21.603,1,108.176,8,105.922,5,68.0304,6,,,,,,,kenpom_api,four-factors,2026-02-02 03:42:04 UTC,2026-02-01 21:42:04 Central Standard Time
"Sunday, February 1",true,Saint Louis,2026,63.585,1,15.886,6,27.562,11,31.132,8,41.818,1,15.257,11,29.189,7,38.727,12,122.999,1,97.2042,1,70.6417,1,,,,,,,kenpom_api,four-factors,2026-02-02 03:42:04 UTC,2026-02-01 21:42:04 Central Standard Time
"Sunday, February 1",true,Saint Mary's,2026,53.77,4,15.852,3,34.416,4,36.266,2,47.968,2,14.313,11,24.069,3,27.739,4,117.889,2,100.96,4,64.9762,12,,,,,,,kenpom_api,four-factors,2026-02-02 03:42:04 UTC,2026-02-01 21:42:04 Central Standard Time
"Sunday, February 1",true,Saint Peter's,2026,46.254,12,17.274,9,40.225,1,39.193,2,43.908,2,19.961,3,31.785,8,41.93,13,107.864,6,96.6044,2,65.1281,8,,,,,,,kenpom_api,four-factors,2026-02-02 03:42:04 UTC,2026-02-01 21:42:04 Central Standard Time
"Sunday, February 1",true,Sam Houston St.,2026,53.806,2,16.985,6,34.097,4,32.239,10,50.537,7,16.854,6,29.557,2,32.669,4,112.884,2,105.437,2,69.5807,3,,,,,,,kenpom_api,four-factors,2026-02-02 03:42:04 UTC,2026-02-01 21:42:04 Central Standard Time
"Sunday, February 1",true,Samford,2026,53.717,5,10.776,1,25.287,8,45.487,1,52.807,5,11.375,10,24.625,1,37.368,7,117.194,4,115.098,6,66.8125,5,,,,,,,kenpom_api,four-factors,2026-02-02 03:42:04 UTC,2026-02-01 21:42:04 Central Standard Time
"Sunday, February 1",true,San Diego,2026,51.524,6,16.633,7,26.933,8,26.851,12,53.06,9,19.736,4,34.872,11,36.269,8,105.132,7,109.601,7,71.6037,2,,,,,,,kenpom_api,four-factors,2026-02-02 03:42:04 UTC,2026-02-01 21:42:04 Central Standard Time
"Sunday, February 1",true,San Diego St.,2026,54.474,3,17.35,6,27.809,8,35.479,7,46.032,2,21.403,1,27.25,3,35.714,4,109.294,5,95.1099,1,69.4037,2,,,,,,,kenpom_api,four-factors,2026-02-02 03:42:04 UTC,2026-02-01 21:42:04 Central Standard Time
"Sunday, February 1",true,San Francisco,2026,50.535,7,16.171,5,32.338,6,34.404,5,50.38,4,13.255,12,22.895,1,27.204,2,108.291,6,106.7,6,67.1305,9,,,,,,,kenpom_api,four-factors,2026-02-02 03:42:04 UTC,2026-02-01 21:42:04 Central Standard Time
"Sunday, February 1",true,San Jose St.,2026,46.606,12,16.72,5,27.586,10,32.45,10,59.863,12,16.72,8,33.91,11,38.765,8,99.7576,10,123.784,12,64.7023,11,,,,,,,kenpom_api,four-factors,2026-02-02 03:42:04 UTC,2026-02-01 21:42:04 Central Standard Time
"Sunday, February 1",true,Santa Clara,2026,58.865,1,16.147,4,35.537,2,27.092,11,50.403,5,22.328,1,30.607,6,37.258,10,123.372,1,99.0255,2,72.0659,1,,,,,,,kenpom_api,four-factors,2026-02-02 03:42:04 UTC,2026-02-01 21:42:04 Central Standard Time
"Sunday, February 1",true,Seattle,2026,43.919,12,15.687,2,22.449,12,28.041,10,48.488,3,21.642,2,34.604,10,34.875,7,92.5233,12,99.2048,3,68.0054,7,,,,,,,kenpom_api,four-factors,2026-02-02 03:42:04 UTC,2026-02-01 21:42:04 Central Standard Time
"Sunday, February 1",true,Seton Hall,2026,43.409,11,17.435,9,39.858,1,37.576,4,47.478,2,20.023,1,30.645,5,45.217,11,101.342,11,100.116,2,66.7409,7,,,,,,,kenpom_api,four-factors,2026-02-02 03:42:04 UTC,2026-02-01 21:42:04 Central Standard Time
"Sunday, February 1",true,Siena,2026,55.531,1,14.309,1,33.516,5,27.286,11,48.458,6,15.899,10,28.058,3,22.761,1,118.847,1,102.418,5,62.8958,12,,,,,,,kenpom_api,four-factors,2026-02-02 03:42:04 UTC,2026-02-01 21:42:04 Central Standard Time
"Sunday, February 1",true,SIUE,2026,49.304,7,19.038,7,30.789,8,34.003,8,44.109,2,17.752,7,32.644,7,37.613,8,101.751,7,97.3774,2,64.1218,11,,,,,,,kenpom_api,four-factors,2026-02-02 03:42:04 UTC,2026-02-01 21:42:04 Central Standard Time
"Sunday, February 1",true,SMU,2026,55.591,3,17.508,17,31.66,7,29.747,14,53.807,13,14.981,12,31.707,12,32.099,6,114.613,4,114.433,12,69.2547,6,,,,,,,kenpom_api,four-factors,2026-02-02 03:42:04 UTC,2026-02-01 21:42:04 Central Standard Time
"Sunday, February 1",true,South Alabama,2026,51.512,4,13.027,1,24.251,12,38.256,5,48.023,4,18.801,1,31.218,9,23.888,1,106.44,8,102.295,2,64.8868,12,,,,,,,kenpom_api,four-factors,2026-02-02 03:42:04 UTC,2026-02-01 21:42:04 Central Standard Time
"Sunday, February 1",true,South Carolina,2026,47.749,15,14.045,7,25.532,16,34.146,11,55.24,16,13.725,12,33.333,10,30.551,2,103.579,16,121.294,16,68.696,10,,,,,,,kenpom_api,four-factors,2026-02-02 03:42:04 UTC,2026-02-01 21:42:04 Central Standard Time
"Sunday, February 1",true,South Carolina St.,2026,54.637,2,23.076,7,32.653,4,49.597,3,45.136,1,17.818,7,32.692,4,65.759,8,102.527,7,103.403,4,68.47,5,,,,,,,kenpom_api,four-factors,2026-02-02 03:42:04 UTC,2026-02-01 21:42:04 Central Standard Time
"Sunday, February 1",true,South Dakota,2026,54.142,5,16.093,7,24.221,9,41.026,2,56.514,7,14.218,6,29.866,6,26.408,2,111.714,6,116.558,6,70.1994,2,,,,,,,kenpom_api,four-factors,2026-02-02 03:42:04 UTC,2026-02-01 21:42:04 Central Standard Time
"Sunday, February 1",true,South Dakota St.,2026,55.714,3,15.752,5,33.818,3,29.796,7,50.0,1,13.217,7,27.181,3,30.738,4,117.328,5,108.999,4,68.0689,7,,,,,,,kenpom_api,four-factors,2026-02-02 03:42:04 UTC,2026-02-01 21:42:04 Central Standard Time
"Sunday, February 1",true,South Florida,2026,51.817,4,16.695,7,36.538,3,44.464,2,47.194,2,14.498,12,30.0,2,39.966,10,115.106,3,105.44,5,72.7752,2,,,,,,,kenpom_api,four-factors,2026-02-02 03:42:04 UTC,2026-02-01 21:42:04 Central Standard Time
"Sunday, February 1",true,Southeast Missouri,2026,52.327,2,17.072,4,30.133,9,41.892,1,47.709,4,18.645,5,27.72,1,48.341,11,106.667,5,100.129,4,68.8281,3,,,,,,,kenpom_api,four-factors,2026-02-02 03:42:04 UTC,2026-02-01 21:42:04 Central Standard Time
"Sunday, February 1",true,Southeastern Louisiana,2026,46.199,12,19.301,8,29.581,8,45.906,3,51.067,8,19.416,4,33.178,7,40.541,9,98.5828,11,107.597,7,65.9585,7,,,,,,,kenpom_api,four-factors,2026-02-02 03:42:04 UTC,2026-02-01 21:42:04 Central Standard Time
"Sunday, February 1",true,Southern,2026,48.242,10,17.081,3,32.313,5,50.33,1,52.0,10,22.54,1,27.165,3,42.588,7,106.185,6,101.607,3,70.9844,6,,,,,,,kenpom_api,four-factors,2026-02-02 03:42:04 UTC,2026-02-01 21:42:04 Central Standard Time
"Sunday, February 1",true,Southern Illinois,2026,47.567,10,17.566,8,27.737,7,36.264,5,48.551,3,18.737,2,29.049,7,39.775,11,97.9799,10,100.843,3,69.0665,3,,,,,,,kenpom_api,four-factors,2026-02-02 03:42:04 UTC,2026-02-01 21:42:04 Central Standard Time
"Sunday, February 1",true,Southern Indiana,2026,43.287,10,19.381,8,32.797,5,33.706,9,47.106,3,17.431,8,31.264,2,35.745,5,95.0756,10,100.073,3,67.1112,6,,,,,,,kenpom_api,four-factors,2026-02-02 03:42:04 UTC,2026-02-01 21:42:04 Central Standard Time
"Sunday, February 1",true,Southern Miss,2026,48.083,11,17.777,11,25.0,11,46.472,1,49.704,7,17.54,7,26.859,4,40.68,9,101.449,13,103.227,3,69.6023,5,,,,,,,kenpom_api,four-factors,2026-02-02 03:42:04 UTC,2026-02-01 21:42:04 Central Standard Time
"Sunday, February 1",true,Southern Utah,2026,53.004,3,20.771,7,29.674,6,39.753,5,49.849,4,15.232,7,36.658,7,30.317,1,105.93,3,110.5,6,71.2106,2,,,,,,,kenpom_api,four-factors,2026-02-02 03:42:04 UTC,2026-02-01 21:42:04 Central Standard Time
"Sunday, February 1",true,St. Bonaventure,2026,52.206,6,14.026,3,29.87,6,28.309,10,58.748,14,17.614,5,29.323,8,34.394,9,111.39,5,118.729,14,68.1292,5,,,,,,,kenpom_api,four-factors,2026-02-02 03:42:04 UTC,2026-02-01 21:42:04 Central Standard Time
"Sunday, February 1",true,St. John's,2026,52.76,5,13.113,1,37.466,3,37.697,3,50.615,6,18.529,2,28.571,1,37.61,9,120.014,1,103.907,3,70.1588,3,,,,,,,kenpom_api,four-factors,2026-02-02 03:42:04 UTC,2026-02-01 21:42:04 Central Standard Time
"Sunday, February 1",true,St. Thomas,2026,61.417,1,15.431,4,26.978,7,42.126,1,51.107,3,16.69,3,29.231,5,32.841,5,121.556,2,107.857,3,70.5667,1,,,,,,,kenpom_api,four-factors,2026-02-02 03:42:04 UTC,2026-02-01 21:42:04 Central Standard Time
"Sunday, February 1",true,Stanford,2026,46.975,17,15.964,6,31.138,9,28.733,15,51.603,9,15.455,10,37.075,17,44.489,18,102.747,16,114.805,13,65.425,15,,,,,,,kenpom_api,four-factors,2026-02-02 03:42:04 UTC,2026-02-01 21:42:04 Central Standard Time
"Sunday, February 1",true,Stephen F. Austin,2026,51.816,4,14.426,1,35.054,4,33.593,9,45.57,1,16.654,10,28.541,1,28.054,1,114.232,2,96.288,1,65.5885,8,,,,,,,kenpom_api,four-factors,2026-02-02 03:42:04 UTC,2026-02-01 21:42:04 Central Standard Time
"Sunday, February 1",true,Stetson,2026,53.954,7,17.915,12,28.614,10,37.434,4,52.431,5,14.503,9,30.141,7,32.577,7,109.196,10,112.892,7,69.4372,3,,,,,,,kenpom_api,four-factors,2026-02-02 03:42:04 UTC,2026-02-01 21:42:04 Central Standard Time
"Sunday, February 1",true,Stonehill,2026,47.834,9,19.81,10,29.794,4,31.227,7,46.259,2,13.657,10,22.409,1,23.81,2,97.248,10,96.6477,1,65.0419,4,,,,,,,kenpom_api,four-factors,2026-02-02 03:42:04 UTC,2026-02-01 21:42:04 Central Standard Time
"Sunday, February 1",true,Stony Brook,2026,52.872,5,16.134,8,30.084,9,27.703,12,51.692,8,15.685,9,31.933,7,30.964,5,110.694,8,110.993,9,65.213,10,,,,,,,kenpom_api,four-factors,2026-02-02 03:42:04 UTC,2026-02-01 21:42:04 Central Standard Time
"Sunday, February 1",true,Syracuse,2026,54.676,6,17.326,16,27.333,14,33.588,12,51.974,11,16.066,8,29.677,9,36.466,11,109.785,9,109.628,9,69.5958,4,,,,,,,kenpom_api,four-factors,2026-02-02 03:42:04 UTC,2026-02-01 21:42:04 Central Standard Time
"Sunday, February 1",true,Tarleton St.,2026,45.677,7,18.076,2,31.138,4,45.677,2,58.983,7,23.897,2,33.071,4,50.216,7,102.48,6,109.373,5,70.4957,3,,,,,,,kenpom_api,four-factors,2026-02-02 03:42:04 UTC,2026-02-01 21:42:04 Central Standard Time
"Sunday, February 1",true,TCU,2026,49.634,13,15.93,8,30.294,9,38.095,2,52.813,10,16.549,5,33.856,13,37.568,14,106.254,12,113.214,11,70.7761,7,,,,,,,kenpom_api,four-factors,2026-02-02 03:42:04 UTC,2026-02-01 21:42:04 Central Standard Time
"Sunday, February 1",true,Temple,2026,47.826,9,15.298,2,33.651,6,41.304,4,47.727,4,18.155,4,33.333,8,35.968,6,108.765,6,103.89,4,65.3793,11,,,,,,,kenpom_api,four-factors,2026-02-02 03:42:04 UTC,2026-02-01 21:42:04 Central Standard Time
"Sunday, February 1",true,Tennessee,2026,50.641,11,19.907,16,43.144,1,49.786,2,50.616,8,14.974,8,30.769,3,40.041,11,111.689,9,112.217,6,67.9184,13,,,,,,,kenpom_api,four-factors,2026-02-02 03:42:04 UTC,2026-02-01 21:42:04 Central Standard Time
"Sunday, February 1",true,Tennessee Martin,2026,50.92,5,20.805,11,40.111,1,40.468,2,43.178,1,18.308,6,31.702,3,35.152,4,108.462,4,93.899,1,65.5443,9,,,,,,,kenpom_api,four-factors,2026-02-02 03:42:04 UTC,2026-02-01 21:42:04 Central Standard Time
"Sunday, February 1",true,Tennessee St.,2026,53.618,1,14.854,1,31.139,7,32.127,10,51.318,9,18.916,3,32.051,4,37.829,9,114.514,1,107.786,8,70.8215,2,,,,,,,kenpom_api,four-factors,2026-02-02 03:42:04 UTC,2026-02-01 21:42:04 Central Standard Time
"Sunday, February 1",true,Tennessee Tech,2026,46.117,8,20.062,10,35.038,3,35.922,6,52.304,10,15.149,11,33.422,8,30.722,1,100.72,8,112.593,10,66.6114,7,,,,,,,kenpom_api,four-factors,2026-02-02 03:42:04 UTC,2026-02-01 21:42:04 Central Standard Time
"Sunday, February 1",true,Texas,2026,55.911,2,16.425,12,35.764,4,40.698,5,52.087,11,13.01,14,32.087,6,44.782,15,120.177,2,117.25,15,67.3082,16,,,,,,,kenpom_api,four-factors,2026-02-02 03:42:04 UTC,2026-02-01 21:42:04 Central Standard Time
"Sunday, February 1",true,Texas A&M,2026,53.445,4,14.2,9,31.0,12,33.661,13,47.4,1,18.356,1,35.463,14,34.4,4,117.064,5,105.115,2,70.1059,7,,,,,,,kenpom_api,four-factors,2026-02-02 03:42:04 UTC,2026-02-01 21:42:04 Central Standard Time
"Sunday, February 1",true,Texas A&M Corpus Chris,2026,50.0,8,19.526,9,34.499,6,47.4,1,49.172,4,21.301,3,30.549,3,42.018,10,104.376,10,100.234,3,65.0019,10,,,,,,,kenpom_api,four-factors,2026-02-02 03:42:04 UTC,2026-02-01 21:42:04 Central Standard Time
"Sunday, February 1",true,Texas Southern,2026,53.551,2,17.232,4,30.796,8,40.883,8,51.758,9,15.822,12,27.303,4,42.578,6,111.849,1,106.679,8,70.9292,7,,,,,,,kenpom_api,four-factors,2026-02-02 03:42:04 UTC,2026-02-01 21:42:04 Central Standard Time
"Sunday, February 1",true,Texas St.,2026,47.963,12,16.876,10,31.765,4,33.427,10,52.663,13,17.834,6,27.638,5,38.905,8,103.652,12,108.081,9,68.9117,7,,,,,,,kenpom_api,four-factors,2026-02-02 03:42:04 UTC,2026-02-01 21:42:04 Central Standard Time
"Sunday, February 1",true,Texas Tech,2026,58.234,1,15.694,7,33.212,6,23.016,15,50.306,5,12.447,16,27.586,4,32.041,9,121.587,2,110.402,7,69.2922,9,,,,,,,kenpom_api,four-factors,2026-02-02 03:42:04 UTC,2026-02-01 21:42:04 Central Standard Time
"Sunday, February 1",true,The Citadel,2026,50.894,8,17.848,10,29.661,6,34.347,5,54.195,7,15.148,5,30.612,6,32.192,4,106.187,9,114.736,5,63.606,10,,,,,,,kenpom_api,four-factors,2026-02-02 03:42:04 UTC,2026-02-01 21:42:04 Central Standard Time
"Sunday, February 1",true,Toledo,2026,53.356,4,15.866,4,31.454,5,36.409,9,53.974,8,18.439,4,35.38,13,28.974,1,114.923,4,110.921,10,69.96,8,,,,,,,kenpom_api,four-factors,2026-02-02 03:42:04 UTC,2026-02-01 21:42:04 Central Standard Time
"Sunday, February 1",true,Towson,2026,45.712,12,15.4,4,34.856,2,33.997,6,50.17,6,16.788,5,26.171,2,36.905,9,104.611,10,103.502,4,65.5239,9,,,,,,,kenpom_api,four-factors,2026-02-02 03:42:04 UTC,2026-02-01 21:42:04 Central Standard Time
"Sunday, February 1",true,Troy,2026,52.537,3,14.817,4,34.5,2,31.194,12,50.551,9,18.185,3,31.202,8,31.654,5,115.44,1,105.203,5,66.0066,11,,,,,,,kenpom_api,four-factors,2026-02-02 03:42:04 UTC,2026-02-01 21:42:04 Central Standard Time
"Sunday, February 1",true,Tulane,2026,51.6,5,15.994,5,21.683,13,40.4,5,48.752,5,18.553,3,37.304,12,41.843,11,107.157,8,106.517,6,69.4722,5,,,,,,,kenpom_api,four-factors,2026-02-02 03:42:04 UTC,2026-02-01 21:42:04 Central Standard Time
"Sunday, February 1",true,Tulsa,2026,59.658,1,16.116,6,33.588,7,44.266,3,49.54,6,14.976,11,30.205,3,32.169,1,125.669,1,107.437,7,68.2569,6,,,,,,,kenpom_api,four-factors,2026-02-02 03:42:04 UTC,2026-02-01 21:42:04 Central Standard Time
"Sunday, February 1",true,UAB,2026,46.622,11,11.725,1,28.997,12,39.02,6,50.939,10,15.584,7,30.398,4,32.253,2,106.865,9,108.794,8,71.6806,3,,,,,,,kenpom_api,four-factors,2026-02-02 03:42:04 UTC,2026-02-01 21:42:04 Central Standard Time
"Sunday, February 1",true,UC Davis,2026,51.896,4,17.373,4,27.089,9,44.55,1,53.662,8,18.248,4,26.72,2,42.994,8,107.862,4,107.362,7,72.7364,4,,,,,,,kenpom_api,four-factors,2026-02-02 03:42:04 UTC,2026-02-01 21:42:04 Central Standard Time
"Sunday, February 1",true,UC Irvine,2026,51.258,6,18.066,8,32.955,2,36.913,6,42.691,1,15.545,11,28.941,6,27.372,1,107.135,5,95.0914,1,70.4617,7,,,,,,,kenpom_api,four-factors,2026-02-02 03:42:04 UTC,2026-02-01 21:42:04 Central Standard Time
"Sunday, February 1",true,UC Riverside,2026,46.225,11,17.878,7,31.401,3,36.518,7,53.349,7,18.27,3,33.78,9,41.308,7,100.352,11,110.923,9,69.6636,9,,,,,,,kenpom_api,four-factors,2026-02-02 03:42:04 UTC,2026-02-01 21:42:04 Central Standard Time
"Sunday, February 1",true,UC San Diego,2026,48.696,9,16.733,2,27.34,8,31.135,11,48.255,3,15.556,10,28.162,5,33.384,4,102.097,9,103.534,3,69.542,10,,,,,,,kenpom_api,four-factors,2026-02-02 03:42:04 UTC,2026-02-01 21:42:04 Central Standard Time
"Sunday, February 1",true,UC Santa Barbara,2026,58.891,1,18.437,9,31.045,5,38.336,5,52.636,6,18.174,5,25.348,1,44.048,9,119.316,1,106.542,6,68.2849,11,,,,,,,kenpom_api,four-factors,2026-02-02 03:42:04 UTC,2026-02-01 21:42:04 Central Standard Time
"Sunday, February 1",true,UCF,2026,52.946,5,15.603,6,30.892,8,28.214,10,55.671,14,14.979,9,24.653,1,35.728,12,110.467,8,112.34,9,71.2125,6,,,,,,,kenpom_api,four-factors,2026-02-02 03:42:04 UTC,2026-02-01 21:42:04 Central Standard Time
"Sunday, February 1",true,UCLA,2026,51.043,11,13.474,7,30.641,10,36.597,4,49.035,3,16.808,4,34.332,16,35.37,11,112.655,9,108.904,6,63.8345,17,,,,,,,kenpom_api,four-factors,2026-02-02 03:42:04 UTC,2026-02-01 21:42:04 Central Standard Time
"Sunday, February 1",true,UMass Lowell,2026,49.579,6,17.427,8,34.05,1,29.684,8,50.424,5,13.391,8,21.014,1,27.331,2,105.114,6,105.297,6,68.1406,1,,,,,,,kenpom_api,four-factors,2026-02-02 03:42:04 UTC,2026-02-01 21:42:04 Central Standard Time
"Sunday, February 1",true,UMBC,2026,52.57,1,11.281,1,18.107,8,39.486,1,50.534,7,15.87,3,28.521,6,23.718,1,111.855,2,102.103,2,64.4222,4,,,,,,,kenpom_api,four-factors,2026-02-02 03:42:04 UTC,2026-02-01 21:42:04 Central Standard Time
"Sunday, February 1",true,UNC Asheville,2026,50.097,6,14.257,2,33.019,3,44.639,5,52.282,6,17.407,4,28.814,2,44.398,8,111.901,5,107.591,4,67.0236,9,,,,,,,kenpom_api,four-factors,2026-02-02 03:42:04 UTC,2026-02-01 21:42:04 Central Standard Time
"Sunday, February 1",true,UNC Greensboro,2026,50.845,9,13.852,4,31.367,4,40.709,2,57.908,10,11.811,9,27.273,3,31.96,3,111.692,7,122.191,10,67.0664,4,,,,,,,kenpom_api,four-factors,2026-02-02 03:42:04 UTC,2026-02-01 21:42:04 Central Standard Time
"Sunday, February 1",true,UNC Wilmington,2026,50.0,10,14.22,2,30.65,7,48.692,1,49.225,5,13.551,10,23.81,1,30.814,4,111.755,6,103.223,3,66.4153,7,,,,,,,kenpom_api,four-factors,2026-02-02 03:42:04 UTC,2026-02-01 21:42:04 Central Standard Time
"Sunday, February 1",true,UNLV,2026,52.813,4,17.965,7,29.483,6,41.198,4,53.364,7,17.381,5,30.275,8,43.818,11,107.792,6,111.298,8,67.5757,5,,,,,,,kenpom_api,four-factors,2026-02-02 03:42:04 UTC,2026-02-01 21:42:04 Central Standard Time
"Sunday, February 1",true,USC,2026,48.172,15,18.077,16,32.895,6,41.494,2,49.323,4,14.956,11,31.486,11,36.692,13,102.479,16,109.112,7,69.2408,2,,,,,,,kenpom_api,four-factors,2026-02-02 03:42:04 UTC,2026-02-01 21:42:04 Central Standard Time
"Sunday, February 1",true,USC Upstate,2026,46.817,8,18.02,6,29.073,6,29.979,8,52.66,7,16.058,6,31.786,8,37.447,3,98.1311,8,109.372,7,68.9569,6,,,,,,,kenpom_api,four-factors,2026-02-02 03:42:04 UTC,2026-02-01 21:42:04 Central Standard Time
"Sunday, February 1",true,UT Arlington,2026,47.59,6,19.957,6,36.877,1,46.185,1,47.49,2,17.542,5,28.125,2,44.578,6,104.933,5,99.6218,1,68.0755,6,,,,,,,kenpom_api,four-factors,2026-02-02 03:42:04 UTC,2026-02-01 21:42:04 Central Standard Time
"Sunday, February 1",true,UT Rio Grande Valley,2026,54.103,1,17.822,4,27.338,11,29.346,11,48.495,2,17.822,5,32.609,6,38.577,7,108.438,4,105.545,4,66.4683,5,,,,,,,kenpom_api,four-factors,2026-02-02 03:42:04 UTC,2026-02-01 21:42:04 Central Standard Time
"Sunday, February 1",true,Utah,2026,51.198,9,13.727,4,27.682,13,27.944,12,56.92,16,13.548,14,35.971,14,28.07,4,109.814,9,123.184,16,70.1188,8,,,,,,,kenpom_api,four-factors,2026-02-02 03:42:04 UTC,2026-02-01 21:42:04 Central Standard Time
"Sunday, February 1",true,Utah St.,2026,57.895,1,15.167,3,37.119,1,36.687,6,47.761,4,20.584,2,31.948,10,37.811,7,123.369,1,101.566,5,67.1307,6,,,,,,,kenpom_api,four-factors,2026-02-02 03:42:04 UTC,2026-02-01 21:42:04 Central Standard Time
"Sunday, February 1",true,Utah Tech,2026,53.565,2,18.04,1,30.422,5,29.913,7,47.731,3,17.894,4,35.376,6,36.807,2,107.803,2,105.621,4,68.7363,5,,,,,,,kenpom_api,four-factors,2026-02-02 03:42:04 UTC,2026-02-01 21:42:04 Central Standard Time
"Sunday, February 1",true,Utah Valley,2026,54.253,1,19.893,5,34.437,3,40.076,4,50.998,5,21.883,3,30.976,3,41.717,4,110.637,1,103.292,3,71.6719,1,,,,,,,kenpom_api,four-factors,2026-02-02 03:42:04 UTC,2026-02-01 21:42:04 Central Standard Time
"Sunday, February 1",true,UTEP,2026,47.951,10,17.047,7,28.158,10,31.475,11,51.616,11,17.466,5,33.148,11,43.367,10,101.864,11,110.387,10,64.3371,9,,,,,,,kenpom_api,four-factors,2026-02-02 03:42:04 UTC,2026-02-01 21:42:04 Central Standard Time
"Sunday, February 1",true,UTSA,2026,43.271,13,18.587,11,29.429,11,28.411,13,58.12,13,15.489,9,39.159,13,33.212,3,94.2404,13,124.404,13,68.1472,7,,,,,,,kenpom_api,four-factors,2026-02-02 03:42:04 UTC,2026-02-01 21:42:04 Central Standard Time
"Sunday, February 1",true,Valparaiso,2026,46.967,11,15.422,4,29.744,4,43.77,1,51.242,5,16.514,7,27.851,5,38.907,8,104.951,7,105.77,5,65.8925,9,,,,,,,kenpom_api,four-factors,2026-02-02 03:42:04 UTC,2026-02-01 21:42:04 Central Standard Time
"Sunday, February 1",true,Vanderbilt,2026,51.93,5,11.832,1,26.183,15,38.603,7,50.094,5,16.722,4,31.546,5,37.218,7,114.845,7,107.903,3,70.4333,6,,,,,,,kenpom_api,four-factors,2026-02-02 03:42:04 UTC,2026-02-01 21:42:04 Central Standard Time
"Sunday, February 1",true,VCU,2026,53.839,4,13.045,1,29.932,5,45.669,2,54.563,12,16.632,6,27.972,4,32.427,7,118.709,2,110.719,10,68.1403,4,,,,,,,kenpom_api,four-factors,2026-02-02 03:42:04 UTC,2026-02-01 21:42:04 Central Standard Time
"Sunday, February 1",true,Vermont,2026,52.149,2,13.159,3,25.66,6,30.995,7,46.065,1,13.748,7,21.942,2,34.722,5,109.003,3,100.361,1,63.6453,6,,,,,,,kenpom_api,four-factors,2026-02-02 03:42:04 UTC,2026-02-01 21:42:04 Central Standard Time
"Sunday, February 1",true,Villanova,2026,53.72,3,15.378,4,30.149,7,32.18,6,49.914,5,17.489,5,35.362,10,29.281,3,113.827,4,106.289,4,65.6126,10,,,,,,,kenpom_api,four-factors,2026-02-02 03:42:04 UTC,2026-02-01 21:42:04 Central Standard Time
"Sunday, February 1",true,Virginia,2026,51.418,10,16.45,12,37.538,2,32.624,13,45.58,1,13.603,15,28.045,7,40.331,16,113.728,7,103.921,4,65.6009,14,,,,,,,kenpom_api,four-factors,2026-02-02 03:42:04 UTC,2026-02-01 21:42:04 Central Standard Time
"Sunday, February 1",true,Virginia Tech,2026,48.81,13,16.279,10,32.133,6,42.177,2,50.237,6,17.553,5,34.444,16,24.606,2,107.58,10,107.439,7,68.0323,10,,,,,,,kenpom_api,four-factors,2026-02-02 03:42:04 UTC,2026-02-01 21:42:04 Central Standard Time
"Sunday, February 1",true,VMI,2026,47.387,10,15.69,8,24.869,9,29.094,10,55.299,9,15.84,3,38.663,10,38.291,8,99.5682,10,121.594,9,66.2862,6,,,,,,,kenpom_api,four-factors,2026-02-02 03:42:04 UTC,2026-02-01 21:42:04 Central Standard Time
"Sunday, February 1",true,Wagner,2026,50.101,7,17.044,6,33.555,2,31.048,8,52.559,7,14.203,8,26.408,4,39.659,9,108.123,3,112.383,9,61.7367,9,,,,,,,kenpom_api,four-factors,2026-02-02 03:42:04 UTC,2026-02-01 21:42:04 Central Standard Time
"Sunday, February 1",true,Wake Forest,2026,52.142,9,15.635,5,24.026,17,26.071,18,54.682,15,18.32,4,37.415,18,38.577,15,105.816,12,117.029,18,69.4645,5,,,,,,,kenpom_api,four-factors,2026-02-02 03:42:04 UTC,2026-02-01 21:42:04 Central Standard Time
"Sunday, February 1",true,Washington,2026,50.964,13,15.745,11,34.133,4,23.739,17,52.241,11,12.596,16,30.645,8,32.148,8,111.309,11,114.321,12,66.4,6,,,,,,,kenpom_api,four-factors,2026-02-02 03:42:04 UTC,2026-02-01 21:42:04 Central Standard Time
"Sunday, February 1",true,Washington St.,2026,57.019,2,19.188,11,33.425,5,32.492,6,52.462,8,14.424,10,28.496,5,33.846,6,114.997,4,111.159,8,68.6977,5,,,,,,,kenpom_api,four-factors,2026-02-02 03:42:04 UTC,2026-02-01 21:42:04 Central Standard Time
"Sunday, February 1",true,Weber St.,2026,52.064,8,14.887,3,31.464,2,45.779,1,55.028,8,17.834,1,28.667,5,35.863,5,113.362,2,111.501,6,70.6071,2,,,,,,,kenpom_api,four-factors,2026-02-02 03:42:04 UTC,2026-02-01 21:42:04 Central Standard Time
"Sunday, February 1",true,West Georgia,2026,51.421,10,15.809,6,32.378,3,32.441,8,58.094,10,14.346,10,25.168,2,38.669,9,110.08,8,117.692,8,68.3138,6,,,,,,,kenpom_api,four-factors,2026-02-02 03:42:04 UTC,2026-02-01 21:42:04 Central Standard Time
"Sunday, February 1",true,West Virginia,2026,50.849,12,19.416,16,26.736,15,27.601,13,51.949,9,14.121,12,28.383,5,24.756,2,100.082,14,109.613,6,62.9486,16,,,,,,,kenpom_api,four-factors,2026-02-02 03:42:04 UTC,2026-02-01 21:42:04 Central Standard Time
"Sunday, February 1",true,Western Carolina,2026,51.092,7,15.075,6,38.56,2,29.485,9,53.866,6,12.562,8,28.824,4,42.355,9,116.756,5,117.791,8,66.0926,7,,,,,,,kenpom_api,four-factors,2026-02-02 03:42:04 UTC,2026-02-01 21:42:04 Central Standard Time
"Sunday, February 1",true,Western Illinois,2026,42.75,11,16.916,3,27.376,11,40.06,3,52.882,11,16.18,9,34.704,10,38.617,10,92.0569,11,112.65,11,67.9833,5,,,,,,,kenpom_api,four-factors,2026-02-02 03:42:04 UTC,2026-02-01 21:42:04 Central Standard Time
"Sunday, February 1",true,Western Kentucky,2026,43.453,12,15.012,3,35.106,3,34.245,8,50.413,5,17.537,4,31.0,5,47.03,12,103.625,9,106.282,4,68.4284,4,,,,,,,kenpom_api,four-factors,2026-02-02 03:42:04 UTC,2026-02-01 21:42:04 Central Standard Time
"Sunday, February 1",true,Western Michigan,2026,50.466,9,16.466,5,34.451,3,33.209,11,54.537,11,13.996,13,34.579,12,36.296,7,110.649,5,120.529,13,67.4806,12,,,,,,,kenpom_api,four-factors,2026-02-02 03:42:04 UTC,2026-02-01 21:42:04 Central Standard Time
"Sunday, February 1",true,Wichita St.,2026,49.042,8,15.671,4,39.385,1,35.366,9,49.638,7,15.038,10,32.036,5,35.805,5,111.439,4,109.064,9,67.5852,9,,,,,,,kenpom_api,four-factors,2026-02-02 03:42:04 UTC,2026-02-01 21:42:04 Central Standard Time
"Sunday, February 1",true,William & Mary,2026,53.589,3,15.201,3,26.271,13,36.06,5,53.151,9,18.408,2,31.742,6,33.002,6,111.845,5,109.335,7,71.7063,1,,,,,,,kenpom_api,four-factors,2026-02-02 03:42:04 UTC,2026-02-01 21:42:04 Central Standard Time
"Sunday, February 1",true,Winthrop,2026,48.881,7,14.566,3,36.888,1,48.321,1,48.259,2,16.647,5,27.356,1,39.265,5,114.13,2,103.405,2,69.4139,5,,,,,,,kenpom_api,four-factors,2026-02-02 03:42:04 UTC,2026-02-01 21:42:04 Central Standard Time
"Sunday, February 1",true,Wisconsin,2026,53.177,9,12.351,2,27.968,13,35.25,6,51.56,8,12.22,17,28.609,5,32.987,9,117.073,6,113.394,10,69.1875,3,,,,,,,kenpom_api,four-factors,2026-02-02 03:42:04 UTC,2026-02-01 21:42:04 Central Standard Time
"Sunday, February 1",true,Wofford,2026,56.096,2,12.742,3,30.029,5,33.608,6,54.514,8,15.378,4,31.437,8,37.153,6,121.563,2,116.583,7,68.2775,2,,,,,,,kenpom_api,four-factors,2026-02-02 03:42:04 UTC,2026-02-01 21:42:04 Central Standard Time
"Sunday, February 1",true,Wright St.,2026,56.866,2,16.016,6,33.516,6,44.925,2,51.778,2,16.258,5,30.976,6,34.566,4,120.844,1,109.803,1,68.6833,7,,,,,,,kenpom_api,four-factors,2026-02-02 03:42:04 UTC,2026-02-01 21:42:04 Central Standard Time
"Sunday, February 1",true,Wyoming,2026,48.196,9,18.863,9,33.242,2,42.612,3,54.237,8,15.37,12,27.616,4,40.169,10,105.493,7,112.479,9,65.0625,9,,,,,,,kenpom_api,four-factors,2026-02-02 03:42:04 UTC,2026-02-01 21:42:04 Central Standard Time
"Sunday, February 1",true,Xavier,2026,52.003,6,15.781,6,24.75,11,21.888,11,54.971,10,15.405,7,30.67,6,33.918,6,105.706,8,113.973,9,72.5852,1,,,,,,,kenpom_api,four-factors,2026-02-02 03:42:04 UTC,2026-02-01 21:42:04 Central Standard Time
"Sunday, February 1",true,Yale,2026,55.609,2,13.952,2,32.589,2,25.776,8,48.087,1,16.351,3,27.273,1,29.592,3,119.468,2,101.591,1,65.5286,6,,,,,,,kenpom_api,four-factors,2026-02-02 03:42:04 UTC,2026-02-01 21:42:04 Central Standard Time
"Sunday, February 1",true,Youngstown St.,2026,52.391,8,19.149,11,36.73,2,33.474,7,53.101,5,17.21,4,30.829,4,44.327,9,111.621,8,111.621,5,68.137,9,,,,,,,kenpom_api,four-factors,2026-02-02 03:42:04 UTC,2026-02-01 21:42:04 Central Standard Time
