player_name,team_name,season,conference_name,player_source_group,position_raw,position_group,games_played,minutes_total,minutes_per_game,points_per_game,pct_possessions,usg_pct,ast_pct,assist_rate,three_pa,three_pt_pct,three_point_attempt_rate,ft_rate,trb_pct,orb_pct,drb_pct,blk_pct,stl_pct,ts_pct,efg_pct,ortg,drtg,pprod,tov_pct,archetype,archetype_reason,archetype_rule,archetype_score,score_primary_creator,score_secondary_playmaker,score_offball_shooter,score_scoring_forward,score_3andd_forward,score_interior_forward,score_glue_forward
Jaylin Henderson,Portland State,2026,Big Sky,Big Sky Comparison,G,Guard,30.0,1116.0,37.1,17.9,0.0,27.1,30.5,30.5,6.2,0.273,0.281,0.415,6.2,2.1,10.4,1.0,2.5,0.523,0.465,109.6,103.8,573.0,15.0,Primary Creator,"Assigned as Primary Creator because the strongest aligned guard indicators were ast_pct=30.500, assist_rate=30.500, usg_pct=27.100.","Assigned to high-creation guards driven by assist rate, usage, foul pressure, and offensive involvement.",0.82875,0.82875,0.673043,0.388478,,,,
Jed Miller,Montana State,2026,Big Sky,Big Sky Comparison,G,Guard,32.0,1104.0,34.4,14.8,0.0,19.9,15.4,15.4,11.7,0.406,0.656,0.299,10.1,6.1,14.1,0.4,2.7,0.625,0.594,133.0,106.4,490.0,9.5,Off-Ball Shooter,"Assigned as Off-Ball Shooter because the strongest aligned guard indicators were ts_pct=0.625, efg_pct=0.594, three_pt_pct=0.406.","Assigned to guards whose profile is driven by perimeter volume, three-point efficiency, and spacing tendency.",0.860217,0.709293,0.833533,0.860217,,,,
Prophet Johnson,Sacramento State,2026,Big Sky,Big Sky Comparison,G,Guard,30.0,1063.0,35.4,18.2,0.0,25.1,22.9,22.9,6.5,0.392,0.306,0.38,11.3,5.0,17.9,1.1,4.0,0.567,0.528,113.8,108.3,545.0,12.5,Primary Creator,"Assigned as Primary Creator because the strongest aligned guard indicators were usg_pct=25.100, ast_pct=22.900, assist_rate=22.900.","Assigned to high-creation guards driven by assist rate, usage, foul pressure, and offensive involvement.",0.77712,0.77712,0.748859,0.599565,,,,
Isaiah Moses,Eastern Washington,2026,Big Sky,Big Sky Comparison,G,Guard,31.0,1032.0,33.29032258064516,1.0064516129032255,0.0,26.7,23.3,23.3,8.5,0.424,0.386,0.353,5.7,1.7,9.7,0.3,1.5,0.608,0.545,117.6,119.1,545.0,16.6,Primary Creator,"Assigned as Primary Creator because the strongest aligned guard indicators were usg_pct=26.700, ast_pct=23.300, assist_rate=23.300.","Assigned to high-creation guards driven by assist rate, usage, foul pressure, and offensive involvement.",0.781522,0.781522,0.73087,0.696304,,,,
Tijan Saine,Weber State,2026,Big Sky,Big Sky Comparison,G,Guard,31.0,1007.0,32.5,17.2,0.0,24.2,24.4,24.4,7.9,0.34,0.392,0.503,4.1,1.0,7.2,0.0,1.8,0.599,0.517,127.4,112.9,532.0,11.0,Primary Creator,"Assigned as Primary Creator because the strongest aligned guard indicators were ft_rate=0.503, ast_pct=24.400, assist_rate=24.400.","Assigned to high-creation guards driven by assist rate, usage, foul pressure, and offensive involvement.",0.822935,0.822935,0.777772,0.594674,,,,
Zach Bloch,Northern Colorado,2026,Big Sky,Big Sky Comparison,G,Guard,31.0,1003.0,32.4,11.6,0.0,16.4,11.4,11.4,12.0,0.433,0.781,0.19,4.7,0.6,8.4,0.1,2.5,0.616,0.597,124.3,109.1,330.0,9.6,Off-Ball Shooter,"Assigned as Off-Ball Shooter because the strongest aligned guard indicators were three_pt_pct=0.433, efg_pct=0.597, three_point_attempt_rate=0.781.","Assigned to guards whose profile is driven by perimeter volume, three-point efficiency, and spacing tendency.",0.908804,0.572717,0.766413,0.908804,,,,
Jackson Rasmussen,Idaho,2026,Big Sky,Big Sky Comparison,F,Forward,32.0,995.0,31.09375,0.81875,0.0,23.2,8.6,8.6,5.9,0.314,0.296,0.333,8.5,4.9,12.1,1.3,1.0,0.566,0.536,110.7,109.1,419.0,13.4,Scoring Forward,"Assigned as Scoring Forward because the strongest aligned forward indicators were pprod=419, usg_pct=23.200, ft_rate=0.333.","Assigned to forwards whose profile is driven by usage, scoring efficiency, free-throw pressure, and point production.",0.610333,,,,0.610333,0.579,0.3675,0.458333
Quinn Denker,Northern Colorado,2026,Big Sky,Big Sky Comparison,G,Guard,29.0,989.0,34.1,18.9,0.0,27.2,37.7,37.7,7.5,0.349,0.325,0.348,9.0,2.6,14.8,1.2,1.3,0.591,0.548,125.4,109.1,602.0,12.8,Primary Creator,"Assigned as Primary Creator because the strongest aligned guard indicators were ast_pct=37.700, assist_rate=37.700, usg_pct=27.200.","Assigned to high-creation guards driven by assist rate, usage, foul pressure, and offensive involvement.",0.86538,0.86538,0.787609,0.567826,,,,
Connor Hollenbeck,Idaho State,2026,Big Sky,Big Sky Comparison,F,Forward,33.0,985.0,29.8,13.3,0.0,22.7,10.9,10.9,7.8,0.344,0.422,0.488,10.2,8.2,12.2,1.5,1.8,0.583,0.525,119.4,116.9,429.0,13.8,Scoring Forward,"Assigned as Scoring Forward because the strongest aligned forward indicators were pprod=429, points_per_game=13.300, usg_pct=22.700.","Assigned to forwards whose profile is driven by usage, scoring efficiency, free-throw pressure, and point production.",0.739333,,,,0.739333,0.667833,0.507333,0.542
Lachlan Brewer,Idaho State,2026,Big Sky,Big Sky Comparison,G,Guard,33.0,973.0,29.9,8.2,0.0,14.7,6.9,6.9,7.1,0.31,0.532,0.193,7.6,5.6,9.6,1.1,1.2,0.565,0.537,115.2,119.5,263.0,14.1,Off-Ball Shooter,"Assigned as Off-Ball Shooter because the strongest aligned guard indicators were efg_pct=0.537, three_point_attempt_rate=0.532, ts_pct=0.565.","Assigned to guards whose profile is driven by perimeter volume, three-point efficiency, and spacing tendency.",0.588913,0.384457,0.49163,0.588913,,,,
Ryan Abelman,Northern Arizona,2026,Big Sky,Big Sky Comparison,G,Guard,30.0,967.0,32.2,10.5,0.0,18.3,11.3,11.3,8.9,0.361,0.524,0.171,9.8,5.1,14.6,0.5,2.4,0.528,0.495,110.8,115.6,319.0,9.7,Off-Ball Shooter,"Assigned as Off-Ball Shooter because the strongest aligned guard indicators were three_pt_pct=0.361, three_pa=8.900, three_point_attempt_rate=0.524.","Assigned to guards whose profile is driven by perimeter volume, three-point efficiency, and spacing tendency.",0.670543,0.57087,0.604891,0.670543,,,,
Money Williams,Montana,2026,Big Sky,Montana,G,Guard,31.0,960.0,30.967741935483872,1.1516129032258065,0.0,33.2,34.7,34.7,7.3,0.339,0.309,0.501,7.9,2.1,12.5,1.0,1.8,0.612,0.544,111.3,106.3,626.0,20.1,Primary Creator,"Assigned as Primary Creator because the strongest aligned guard indicators were usg_pct=33.200, ast_pct=34.700, assist_rate=34.700.","Assigned to high-creation guards driven by assist rate, usage, foul pressure, and offensive involvement.",0.85587,0.85587,0.756902,0.563043,,,,
Brock Wisne,Northern Colorado,2026,Big Sky,Big Sky Comparison,F,Forward,30.0,956.0,31.9,16.3,0.0,24.5,16.1,16.1,4.7,0.342,0.224,0.236,11.7,7.8,15.2,1.3,1.5,0.623,0.607,119.2,108.3,476.0,15.2,Scoring Forward,"Assigned as Scoring Forward because the strongest aligned forward indicators were pprod=476, points_per_game=16.300, usg_pct=24.500.","Assigned to forwards whose profile is driven by usage, scoring efficiency, free-throw pressure, and point production.",0.807,,,,0.807,0.626833,0.535333,0.631
Biko Johnson,Idaho,2026,Big Sky,Big Sky Comparison,G,Guard,33.0,919.0,27.59375,0.809375,0.0,25.3,17.1,17.1,11.4,0.324,0.528,0.377,7.7,4.1,11.4,0.1,2.3,0.511,0.465,108.0,106.9,420.0,12.7,Primary Creator,"Assigned as Primary Creator because the strongest aligned guard indicators were usg_pct=25.300, ast_pct=17.100, assist_rate=17.100.","Assigned to high-creation guards driven by assist rate, usage, foul pressure, and offensive involvement.",0.736739,0.736739,0.617011,0.637174,,,,
Martin Kheil,Idaho State,2026,Big Sky,Big Sky Comparison,G,Guard,31.0,916.0,29.4,9.2,0.0,16.1,7.5,7.5,12.4,0.353,0.815,0.223,5.1,0.7,9.8,0.2,1.4,0.547,0.517,115.8,119.5,253.0,9.5,Off-Ball Shooter,"Assigned as Off-Ball Shooter because the strongest aligned guard indicators were three_point_attempt_rate=0.815, three_pa=12.400, three_pt_pct=0.353.","Assigned to guards whose profile is driven by perimeter volume, three-point efficiency, and spacing tendency.",0.754674,0.459076,0.541087,0.754674,,,,
Kolton Mitchell,Idaho,2026,Big Sky,Big Sky Comparison,G,Guard,30.0,901.0,30.03333333333333,0.8566666666666667,0.0,23.4,24.4,24.4,11.7,0.361,0.581,0.375,5.9,1.1,10.9,0.2,2.3,0.542,0.489,116.5,107.2,415.0,11.9,Primary Creator,"Assigned as Primary Creator because the strongest aligned guard indicators were ast_pct=24.400, assist_rate=24.400, usg_pct=23.400.","Assigned to high-creation guards driven by assist rate, usage, foul pressure, and offensive involvement.",0.786957,0.786957,0.724348,0.728152,,,,
Keyon Kensie,Portland State,2026,Big Sky,Big Sky Comparison,G,Guard,29.0,882.0,30.4,10.9,0.0,19.6,6.7,6.7,5.2,0.288,0.305,0.374,13.2,5.3,21.1,2.6,2.4,0.512,0.468,106.9,98.9,301.0,11.2,Primary Creator,"Assigned as Primary Creator because the strongest aligned guard indicators were ft_rate=0.374, usg_pct=19.600, pct_possessions=0.","Assigned to high-creation guards driven by assist rate, usage, foul pressure, and offensive involvement.",0.473804,0.473804,0.420652,0.379239,,,,
Tyler Thompson,Montana,2026,Big Sky,Montana,G,Guard,30.0,871.0,29.03333333333333,0.5533333333333333,0.0,14.5,7.6,7.6,10.4,0.404,0.817,0.137,8.2,0.6,14.2,1.6,1.5,0.61,0.591,108.4,106.3,226.0,15.0,Off-Ball Shooter,"Assigned as Off-Ball Shooter because the strongest aligned guard indicators were three_point_attempt_rate=0.817, efg_pct=0.591, ts_pct=0.610.","Assigned to guards whose profile is driven by perimeter volume, three-point efficiency, and spacing tendency.",0.843913,0.388098,0.570815,0.843913,,,,
Tejon Sawyer,Montana,2026,Big Sky,Montana,F,Forward,31.0,849.0,27.387096774193548,0.7548387096774193,0.0,19.7,8.5,8.5,5.4,0.358,0.327,0.198,11.7,4.1,17.8,1.8,1.1,0.651,0.643,112.3,105.4,311.0,16.6,3-and-D Forward,"Assigned as 3-and-D Forward because the strongest aligned forward indicators were three_pt_pct=0.358, three_pa=5.400, three_point_attempt_rate=0.327.",Assigned to forwards whose profile is driven by perimeter shooting plus defensive event production.,0.681167,,,,0.675833,0.681167,0.5255,0.612833
Tre Vaughn Minott,Portland State,2026,Big Sky,Big Sky Comparison,C,Forward,30.0,847.0,28.6,10.3,0.0,15.4,2.0,2.0,0.0,0.0,0.0,0.468,17.9,14.7,21.0,4.6,1.2,0.661,0.665,131.4,100.6,301.0,12.2,Interior Forward,"Assigned as Interior Forward because the strongest aligned forward indicators were ortg=131, orb_pct=14.700, trb_pct=17.900.","Assigned to forwards whose profile is driven by rebounding, interior activity, and rim-oriented impact.",0.871167,,,,0.761667,0.452333,0.871167,0.738
Patrick Mcmahon,Montana State,2026,Big Sky,Big Sky Comparison,G,Guard,29.0,846.0,29.4,13.9,0.0,26.0,13.1,13.1,3.8,0.255,0.177,0.442,9.4,3.6,15.3,0.6,1.3,0.528,0.481,110.0,108.9,389.0,10.9,Primary Creator,"Assigned as Primary Creator because the strongest aligned guard indicators were usg_pct=26, ft_rate=0.442, ast_pct=13.100.","Assigned to high-creation guards driven by assist rate, usage, foul pressure, and offensive involvement.",0.713641,0.713641,0.556739,0.301413,,,,
Jamison Guerra,Idaho State,2026,Big Sky,Big Sky Comparison,G,Guard,33.0,845.0,25.8,9.0,0.0,19.1,28.7,28.7,5.9,0.405,0.378,0.396,5.7,2.7,8.9,0.5,1.5,0.552,0.5,119.1,119.2,329.0,15.7,Primary Creator,"Assigned as Primary Creator because the strongest aligned guard indicators were ast_pct=28.700, assist_rate=28.700, ft_rate=0.396.","Assigned to high-creation guards driven by assist rate, usage, foul pressure, and offensive involvement.",0.774674,0.774674,0.703696,0.577174,,,,
Ibu Yamazaki,Northern Colorado,2026,Big Sky,Big Sky Comparison,F,Forward,31.0,840.0,27.1,9.7,0.0,17.6,4.7,4.7,11.2,0.366,0.704,0.223,7.8,3.1,12.0,0.7,1.0,0.584,0.545,114.6,110.9,269.0,11.4,3-and-D Forward,"Assigned as 3-and-D Forward because the strongest aligned forward indicators were three_point_attempt_rate=0.704, three_pa=11.200, three_pt_pct=0.366.",Assigned to forwards whose profile is driven by perimeter shooting plus defensive event production.,0.67,,,,0.623667,0.67,0.326167,0.446833
Chris Komin,Northern Arizona,2026,Big Sky,Big Sky Comparison,G,Guard,31.0,822.0,26.5,7.8,0.0,15.3,15.2,15.2,5.1,0.357,0.393,0.371,4.9,0.7,9.2,2.1,2.9,0.58,0.531,119.5,115.6,244.0,10.3,Secondary Playmaker,"Assigned as Secondary Playmaker because the strongest aligned guard indicators were stl_pct=2.900, ts_pct=0.580, ast_pct=15.200.","Assigned to guards who provide balanced connective playmaking, efficiency, and secondary creation.",0.74087,0.632609,0.74087,0.555761,,,,
Brody Rowbury,Idaho,2026,Big Sky,Big Sky Comparison,F,Forward,33.0,805.0,24.393939393939394,0.5636363636363637,0.0,14.7,7.8,7.8,1.9,0.37,0.173,0.59,12.7,9.1,16.3,2.6,0.8,0.651,0.622,128.3,107.1,272.0,15.6,Interior Forward,"Assigned as Interior Forward because the strongest aligned forward indicators were ortg=128, ft_rate=0.590, orb_pct=9.100.","Assigned to forwards whose profile is driven by rebounding, interior activity, and rim-oriented impact.",0.6925,,,,0.667667,0.622,0.6925,0.61
Mark Lavrenov,Sacramento State,2026,Big Sky,Big Sky Comparison,F,Forward,31.0,803.0,25.9,9.9,0.0,18.4,3.4,3.4,2.4,0.286,0.167,0.651,14.7,10.6,19.0,1.3,0.8,0.563,0.469,119.7,114.8,319.0,10.2,Interior Forward,"Assigned as Interior Forward because the strongest aligned forward indicators were ft_rate=0.651, orb_pct=10.600, drb_pct=19.","Assigned to forwards whose profile is driven by rebounding, interior activity, and rim-oriented impact.",0.725167,,,,0.6635,0.4665,0.725167,0.545
Jahni Summers,Sacramento State,2026,Big Sky,Big Sky Comparison,G,Guard,31.0,800.0,25.8,9.9,0.0,17.7,7.2,7.2,9.3,0.422,0.577,0.222,5.1,1.3,9.1,0.6,1.7,0.595,0.575,111.3,117.2,264.0,11.6,Off-Ball Shooter,"Assigned as Off-Ball Shooter because the strongest aligned guard indicators were three_pt_pct=0.422, efg_pct=0.575, ts_pct=0.595.","Assigned to guards whose profile is driven by perimeter volume, three-point efficiency, and spacing tendency.",0.797391,0.439728,0.556196,0.797391,,,,
Kiree Huie,Eastern Washington,2026,Big Sky,Big Sky Comparison,F,Forward,31.0,792.0,25.548387096774192,0.9483870967741936,0.0,26.5,6.5,6.5,0.1,0.0,0.003,0.462,13.0,9.5,16.6,5.8,1.1,0.568,0.555,108.4,114.6,375.0,15.1,Interior Forward,"Assigned as Interior Forward because the strongest aligned forward indicators were blk_pct=5.800, orb_pct=9.500, trb_pct=13.","Assigned to forwards whose profile is driven by rebounding, interior activity, and rim-oriented impact.",0.691,,,,0.66,0.4425,0.691,0.4925
Ring Nyeri,Northern Colorado,2026,Big Sky,Big Sky Comparison,F,Forward,31.0,792.0,25.5,8.4,0.0,15.7,4.2,4.2,4.7,0.354,0.323,0.174,14.5,8.3,20.2,3.5,1.2,0.6,0.595,119.7,106.0,250.0,11.4,Interior Forward,"Assigned as Interior Forward because the strongest aligned forward indicators were drb_pct=20.200, trb_pct=14.500, ortg=120.","Assigned to forwards whose profile is driven by rebounding, interior activity, and rim-oriented impact.",0.701833,,,,0.6275,0.6855,0.701833,0.666667
Malek Gomma,Weber State,2026,Big Sky,Big Sky Comparison,F,Forward,31.0,773.0,24.9,8.1,0.0,16.9,9.8,9.8,0.4,0.4,0.027,0.516,16.0,13.4,18.7,0.7,1.4,0.534,0.543,116.9,109.7,284.0,12.7,Interior Forward,"Assigned as Interior Forward because the strongest aligned forward indicators were orb_pct=13.400, trb_pct=16, ft_rate=0.516.","Assigned to forwards whose profile is driven by rebounding, interior activity, and rim-oriented impact.",0.728833,,,,0.611,0.566,0.728833,0.647667
Jeremiah Davis,Montana State,2026,Big Sky,Big Sky Comparison,G,Guard,31.0,765.0,24.3,8.7,0.0,17.7,9.5,9.5,6.6,0.4,0.434,0.306,6.7,2.7,10.6,1.4,3.3,0.628,0.602,121.4,105.5,267.0,13.5,Off-Ball Shooter,"Assigned as Off-Ball Shooter because the strongest aligned guard indicators were efg_pct=0.602, ts_pct=0.628, three_pt_pct=0.400.","Assigned to guards whose profile is driven by perimeter volume, three-point efficiency, and spacing tendency.",0.704674,0.529239,0.698641,0.704674,,,,
Christian King,Montana State,2026,Big Sky,Big Sky Comparison,F,Forward,28.0,764.0,26.9,12.3,0.0,25.5,6.8,6.8,11.9,0.364,0.519,0.226,10.0,3.7,16.5,1.0,2.0,0.535,0.502,106.6,106.8,324.0,11.8,3-and-D Forward,"Assigned as 3-and-D Forward because the strongest aligned forward indicators were three_pa=11.900, stl_pct=2, three_point_attempt_rate=0.519.",Assigned to forwards whose profile is driven by perimeter shooting plus defensive event production.,0.724667,,,,0.631,0.724667,0.397667,0.546667
Chris Hodges,Montana State,2026,Big Sky,Big Sky Comparison,F,Forward,32.0,745.0,23.5,5.7,0.0,13.6,6.9,6.9,0.0,0.0,0.0,0.431,10.8,8.8,12.7,4.8,0.9,0.565,0.577,110.6,108.2,201.0,19.5,Interior Forward,"Assigned as Interior Forward because the strongest aligned forward indicators were blk_pct=4.800, orb_pct=8.800, ft_rate=0.431.","Assigned to forwards whose profile is driven by rebounding, interior activity, and rim-oriented impact.",0.579333,,,,0.539,0.382,0.579333,0.445667
Viljami Vartiainen,Weber State,2026,Big Sky,Big Sky Comparison,F,Forward,25.0,742.0,29.7,12.8,0.0,17.4,6.2,6.2,12.9,0.432,0.728,0.159,6.2,0.8,11.9,0.2,1.5,0.641,0.627,132.4,111.9,264.0,6.0,3-and-D Forward,"Assigned as 3-and-D Forward because the strongest aligned forward indicators were three_pa=12.900, three_point_attempt_rate=0.728, three_pt_pct=0.432.",Assigned to forwards whose profile is driven by perimeter shooting plus defensive event production.,0.747,,,,0.715,0.747,0.326667,0.5475
Mikey Williams,Sacramento State,2026,Big Sky,Big Sky Comparison,G,Guard,21.0,737.0,35.1,17.1,0.0,27.8,26.2,26.2,6.2,0.265,0.287,0.529,4.7,2.4,7.1,1.2,1.9,0.496,0.401,101.8,117.5,373.0,14.4,Primary Creator,"Assigned as Primary Creator because the strongest aligned guard indicators were usg_pct=27.800, ft_rate=0.529, ast_pct=26.200.","Assigned to high-creation guards driven by assist rate, usage, foul pressure, and offensive involvement.",0.820761,0.820761,0.580435,0.345,,,,
Kenyon Aguino,Montana,2026,Big Sky,Montana,F,Forward,31.0,726.0,23.41935483870968,0.6709677419354839,0.0,18.1,12.7,12.7,2.4,0.323,0.17,0.434,10.5,6.9,13.4,1.9,1.3,0.61,0.582,118.6,106.6,275.0,14.4,Scoring Forward,"Assigned as Scoring Forward because the strongest aligned forward indicators were pprod=275, ts_pct=0.610, efg_pct=0.582.","Assigned to forwards whose profile is driven by usage, scoring efficiency, free-throw pressure, and point production.",0.632833,,,,0.632833,0.596,0.520667,0.605333
Nigel Burris,Weber State,2026,Big Sky,Big Sky Comparison,F,Forward,31.0,715.0,23.1,10.2,0.0,19.5,4.7,4.7,4.6,0.362,0.287,0.495,12.4,7.8,17.3,1.1,1.4,0.635,0.577,125.3,109.7,297.0,13.2,Scoring Forward,"Assigned as Scoring Forward because the strongest aligned forward indicators were points_per_game=10.200, pprod=297, ts_pct=0.635.","Assigned to forwards whose profile is driven by usage, scoring efficiency, free-throw pressure, and point production.",0.775667,,,,0.775667,0.631,0.628167,0.636
Traivar Jackson,Northern Arizona,2026,Big Sky,Big Sky Comparison,F,Forward,32.0,704.0,22.0,7.3,0.0,17.5,8.1,8.1,0.0,0.0,0.0,0.441,14.0,9.6,18.5,5.0,2.6,0.596,0.578,116.3,111.0,241.0,14.9,Interior Forward,"Assigned as Interior Forward because the strongest aligned forward indicators were blk_pct=5, orb_pct=9.600, drb_pct=18.500.","Assigned to forwards whose profile is driven by rebounding, interior activity, and rim-oriented impact.",0.752833,,,,0.654833,0.446833,0.752833,0.653333
Tyler Isaak,Montana,2026,Big Sky,Montana,G,Guard,31.0,698.0,22.516129032258064,0.5032258064516129,0.0,14.3,17.5,17.5,6.3,0.321,0.565,0.449,6.9,1.1,11.5,0.6,1.6,0.576,0.504,118.3,107.5,212.0,13.9,Secondary Playmaker,"Assigned as Secondary Playmaker because the strongest aligned guard indicators were ast_pct=17.500, assist_rate=17.500, ts_pct=0.576.","Assigned to guards who provide balanced connective playmaking, efficiency, and secondary creation.",0.693641,0.64125,0.693641,0.579348,,,,
Straton Rogers,Eastern Washington,2026,Big Sky,Big Sky Comparison,G,Guard,31.0,687.0,22.161290322580644,0.4838709677419355,0.0,11.7,8.6,8.6,0.6,0.286,0.055,0.268,13.4,9.5,17.3,0.5,2.0,0.622,0.614,133.6,114.8,193.0,10.1,Secondary Playmaker,"Assigned as Secondary Playmaker because the strongest aligned guard indicators were efg_pct=0.614, ts_pct=0.622, tov_pct=10.100.","Assigned to guards who provide balanced connective playmaking, efficiency, and secondary creation.",0.661685,0.457609,0.661685,0.394457,,,,
Jack Payne,Idaho,2026,Big Sky,Big Sky Comparison,G,Guard,31.0,682.0,22.0,0.5548387096774193,0.0,16.9,10.6,10.6,10.8,0.32,0.684,0.128,10.8,5.0,16.7,1.8,1.4,0.514,0.495,107.3,106.2,209.0,13.9,Off-Ball Shooter,"Assigned as Off-Ball Shooter because the strongest aligned guard indicators were three_point_attempt_rate=0.684, three_pa=10.800, three_pt_pct=0.320.","Assigned to guards whose profile is driven by perimeter volume, three-point efficiency, and spacing tendency.",0.652174,0.512772,0.523641,0.652174,,,,
Brooklyn Hicks,Montana,2026,Big Sky,Montana,G,Guard,31.0,674.0,21.741935483870968,0.7483870967741936,0.0,20.9,7.7,7.7,8.8,0.352,0.488,0.256,10.7,4.5,15.7,0.5,2.3,0.574,0.556,108.8,104.5,253.0,12.0,Off-Ball Shooter,"Assigned as Off-Ball Shooter because the strongest aligned guard indicators were efg_pct=0.556, ts_pct=0.574, three_pa=8.800.","Assigned to guards whose profile is driven by perimeter volume, three-point efficiency, and spacing tendency.",0.65913,0.513261,0.561522,0.65913,,,,
Jojo Anderson,Eastern Washington,2026,Big Sky,Big Sky Comparison,G,Guard,31.0,668.0,21.548387096774192,0.6322580645161291,0.0,18.1,18.1,18.1,5.6,0.375,0.381,0.435,5.0,0.8,9.3,0.5,2.1,0.558,0.518,112.8,117.6,231.0,15.4,Primary Creator,"Assigned as Primary Creator because the strongest aligned guard indicators were ft_rate=0.435, ast_pct=18.100, assist_rate=18.100.","Assigned to high-creation guards driven by assist rate, usage, foul pressure, and offensive involvement.",0.687065,0.687065,0.675272,0.5575,,,,
Arman Madi,Sacramento State,2026,Big Sky,Big Sky Comparison,G,Guard,30.0,655.0,21.8,7.0,0.0,16.0,12.8,12.8,6.4,0.286,0.467,0.339,7.1,4.9,9.5,2.6,3.1,0.545,0.509,113.5,113.0,214.0,11.1,Secondary Playmaker,"Assigned as Secondary Playmaker because the strongest aligned guard indicators were stl_pct=3.100, ast_pct=12.800, assist_rate=12.800.","Assigned to guards who provide balanced connective playmaking, efficiency, and secondary creation.",0.662065,0.591087,0.662065,0.509348,,,,
Isaiah Brickner,Idaho,2026,Big Sky,Big Sky Comparison,G,Guard,32.0,640.0,20.0,1.0625,0.0,27.0,9.8,9.8,9.4,0.433,0.388,0.332,10.9,3.7,18.3,0.3,2.0,0.609,0.58,120.4,105.2,329.0,10.1,Off-Ball Shooter,"Assigned as Off-Ball Shooter because the strongest aligned guard indicators were three_pt_pct=0.433, efg_pct=0.580, ts_pct=0.609.","Assigned to guards whose profile is driven by perimeter volume, three-point efficiency, and spacing tendency.",0.757826,0.647174,0.673967,0.757826,,,,
Vincent Delano,Northern Colorado,2026,Big Sky,Big Sky Comparison,G,Guard,31.0,633.0,20.4,6.3,0.0,18.1,13.0,13.0,7.2,0.288,0.482,0.277,5.7,0.4,10.6,0.3,0.5,0.516,0.485,100.3,112.6,192.0,16.8,Primary Creator,"Assigned as Primary Creator because the strongest aligned guard indicators were ast_pct=13, assist_rate=13, usg_pct=18.100.","Assigned to high-creation guards driven by assist rate, usage, foul pressure, and offensive involvement.",0.583424,0.583424,0.504239,0.50337,,,,
Karl Markus Poom,Northern Arizona,2026,Big Sky,Big Sky Comparison,F,Forward,32.0,627.0,19.6,8.9,0.0,26.9,13.1,13.1,5.7,0.305,0.278,0.486,10.5,7.0,14.1,0.4,0.9,0.548,0.542,101.8,119.2,279.0,16.9,Scoring Forward,"Assigned as Scoring Forward because the strongest aligned forward indicators were usg_pct=26.900, pprod=279, points_per_game=8.900.","Assigned to forwards whose profile is driven by usage, scoring efficiency, free-throw pressure, and point production.",0.668,,,,0.668,0.488667,0.459,0.421333
Brennan Peterson,Northern Arizona,2026,Big Sky,Big Sky Comparison,G,Guard,32.0,620.0,19.4,4.8,0.0,13.9,18.7,18.7,8.7,0.411,0.732,0.171,2.2,1.0,3.4,0.2,1.4,0.579,0.565,112.6,122.3,165.0,16.9,Off-Ball Shooter,"Assigned as Off-Ball Shooter because the strongest aligned guard indicators were three_pt_pct=0.411, three_point_attempt_rate=0.732, efg_pct=0.565.","Assigned to guards whose profile is driven by perimeter volume, three-point efficiency, and spacing tendency.",0.789022,0.588043,0.701033,0.789022,,,,
Trevor Hennig,Weber State,2026,Big Sky,Big Sky Comparison,G,Guard,25.0,618.0,24.7,10.2,0.0,21.4,11.9,11.9,5.3,0.31,0.297,0.395,6.6,2.4,11.0,1.1,1.4,0.548,0.523,107.2,111.9,238.0,14.7,Primary Creator,"Assigned as Primary Creator because the strongest aligned guard indicators were ft_rate=0.395, usg_pct=21.400, ast_pct=11.900.","Assigned to high-creation guards driven by assist rate, usage, foul pressure, and offensive involvement.",0.63413,0.63413,0.556739,0.421522,,,,
Caleb Van De Griend,Idaho State,2026,Big Sky,Big Sky Comparison,F,Forward,33.0,603.0,18.3,11.7,0.0,31.0,9.0,9.0,4.1,0.341,0.152,0.422,22.4,17.4,27.7,4.0,1.6,0.6,0.578,124.2,111.2,367.0,10.2,Interior Forward,"Assigned as Interior Forward because the strongest aligned forward indicators were drb_pct=27.700, trb_pct=22.400, orb_pct=17.400.","Assigned to forwards whose profile is driven by rebounding, interior activity, and rim-oriented impact.",0.880667,,,,0.811833,0.633333,0.880667,0.766
Shaqir Oneal,Sacramento State,2026,Big Sky,Big Sky Comparison,F,Forward,31.0,600.0,19.4,5.3,0.0,13.8,5.1,5.1,4.5,0.327,0.405,0.504,9.0,6.2,12.0,3.0,1.5,0.543,0.479,112.2,115.2,168.0,12.3,3-and-D Forward,"Assigned as 3-and-D Forward because the strongest aligned forward indicators were three_point_attempt_rate=0.405, stl_pct=1.500, three_pa=4.500.",Assigned to forwards whose profile is driven by perimeter shooting plus defensive event production.,0.614833,,,,0.4965,0.614833,0.4305,0.425333
Jace Whiting,Weber State,2026,Big Sky,Big Sky Comparison,G,Guard,19.0,599.0,31.5,11.6,0.0,18.6,15.5,15.5,6.5,0.362,0.369,0.182,6.5,1.3,11.8,0.4,2.3,0.544,0.516,113.9,110.2,213.0,11.3,Secondary Playmaker,"Assigned as Secondary Playmaker because the strongest aligned guard indicators were ast_pct=15.500, assist_rate=15.500, stl_pct=2.300.","Assigned to guards who provide balanced connective playmaking, efficiency, and secondary creation.",0.671304,0.657065,0.671304,0.559565,,,,
Johnny Radford,Eastern Washington,2026,Big Sky,Big Sky Comparison,G,Guard,31.0,581.0,18.741935483870968,0.6483870967741936,0.0,18.7,8.8,8.8,12.4,0.371,0.721,0.244,6.6,1.7,11.5,1.6,1.6,0.524,0.483,109.4,117.4,188.0,11.1,Off-Ball Shooter,"Assigned as Off-Ball Shooter because the strongest aligned guard indicators were three_pa=12.400, three_point_attempt_rate=0.721, three_pt_pct=0.371.","Assigned to guards whose profile is driven by perimeter volume, three-point efficiency, and spacing tendency.",0.756304,0.519783,0.505652,0.756304,,,,
Seth Joba,Idaho,2026,Big Sky,Big Sky Comparison,F,Forward,33.0,570.0,17.272727272727273,0.5484848484848486,0.0,15.7,3.8,3.8,9.0,0.371,0.631,0.206,12.1,7.1,17.2,4.5,0.8,0.578,0.571,114.5,105.6,171.0,13.4,3-and-D Forward,"Assigned as 3-and-D Forward because the strongest aligned forward indicators were three_point_attempt_rate=0.631, three_pa=9, three_pt_pct=0.371.",Assigned to forwards whose profile is driven by perimeter shooting plus defensive event production.,0.746,,,,0.499167,0.746,0.601667,0.547
Grant Kepley,Montana,2026,Big Sky,Montana,G,Guard,25.0,543.0,21.72,0.64,0.0,19.0,23.1,23.1,4.7,0.289,0.372,0.537,7.4,1.5,12.0,0.2,1.8,0.507,0.45,95.9,107.0,182.0,24.4,Primary Creator,"Assigned as Primary Creator because the strongest aligned guard indicators were ft_rate=0.537, ast_pct=23.100, assist_rate=23.100.","Assigned to high-creation guards driven by assist rate, usage, foul pressure, and offensive involvement.",0.710054,0.710054,0.552772,0.379348,,,,
Isaiah Shaw,Northern Arizona,2026,Big Sky,Big Sky Comparison,G,Guard,29.0,532.0,18.3,8.1,0.0,22.4,5.9,5.9,7.8,0.464,0.451,0.484,7.1,3.2,11.0,3.3,1.7,0.622,0.569,112.3,117.0,208.0,15.3,Off-Ball Shooter,"Assigned as Off-Ball Shooter because the strongest aligned guard indicators were three_pt_pct=0.464, ts_pct=0.622, efg_pct=0.569.","Assigned to guards whose profile is driven by perimeter volume, three-point efficiency, and spacing tendency.",0.757065,0.487065,0.519185,0.757065,,,,
Egan Shields,Northern Colorado,2026,Big Sky,Big Sky Comparison,C,Forward,30.0,530.0,17.7,6.4,0.0,16.5,9.0,9.0,0.0,0.0,0.0,0.648,16.7,12.0,21.0,2.9,0.2,0.676,0.657,128.6,108.0,204.0,18.0,Interior Forward,"Assigned as Interior Forward because the strongest aligned forward indicators were ortg=129, ft_rate=0.648, drb_pct=21.","Assigned to forwards whose profile is driven by rebounding, interior activity, and rim-oriented impact.",0.837667,,,,0.762667,0.362833,0.837667,0.676667
Cheikh Sow,Idaho State,2026,Big Sky,Big Sky Comparison,G,Guard,31.0,529.0,17.6,2.9,0.0,11.5,3.5,3.5,3.4,0.067,0.405,0.703,11.6,7.1,16.4,2.4,2.8,0.446,0.324,100.3,112.7,101.0,16.1,Primary Creator,"Assigned as Primary Creator because the strongest aligned guard indicators were ft_rate=0.703, pct_possessions=0, ast_pct=3.500.","Assigned to high-creation guards driven by assist rate, usage, foul pressure, and offensive involvement.",0.321793,0.321793,0.317337,0.302283,,,,
Trevon Blassingame,Idaho,2026,Big Sky,Big Sky Comparison,G,Guard,32.0,526.0,16.4375,0.39375,0.0,10.9,5.8,5.8,6.6,0.4,0.682,0.159,8.9,4.7,13.1,1.3,2.4,0.608,0.602,115.7,105.4,115.0,17.4,Off-Ball Shooter,"Assigned as Off-Ball Shooter because the strongest aligned guard indicators were efg_pct=0.602, ts_pct=0.608, three_pt_pct=0.400.","Assigned to guards whose profile is driven by perimeter volume, three-point efficiency, and spacing tendency.",0.758043,0.29962,0.562554,0.758043,,,,
Davian Brown,Montana State,2026,Big Sky,Big Sky Comparison,G,Guard,21.0,526.0,25.0,12.7,0.0,23.7,14.0,14.0,13.6,0.43,0.64,0.259,8.3,4.4,12.2,0.4,1.7,0.629,0.598,127.0,109.3,254.0,10.9,Off-Ball Shooter,"Assigned as Off-Ball Shooter because the strongest aligned guard indicators were three_pa=13.600, ts_pct=0.629, three_pt_pct=0.430.","Assigned to guards whose profile is driven by perimeter volume, three-point efficiency, and spacing tendency.",0.893478,0.701902,0.775815,0.893478,,,,
Kelcy Phipps,Portland State,2026,Big Sky,Big Sky Comparison,G,Guard,30.0,525.0,17.4,4.5,0.0,13.2,9.2,9.2,5.9,0.426,0.563,0.396,5.7,1.1,10.4,1.6,3.1,0.579,0.599,105.3,101.8,122.0,18.0,Off-Ball Shooter,"Assigned as Off-Ball Shooter because the strongest aligned guard indicators were efg_pct=0.599, three_pt_pct=0.426, ts_pct=0.579.","Assigned to guards whose profile is driven by perimeter volume, three-point efficiency, and spacing tendency.",0.724891,0.438043,0.600163,0.724891,,,,
Tyler Powell,Eastern Washington,2026,Big Sky,Big Sky Comparison,G,Guard,31.0,520.0,16.774193548387096,0.567741935483871,0.0,15.0,6.6,6.6,9.4,0.381,0.672,0.176,7.7,2.9,12.6,1.1,2.1,0.583,0.568,114.8,115.9,145.0,12.9,Off-Ball Shooter,"Assigned as Off-Ball Shooter because the strongest aligned guard indicators were three_point_attempt_rate=0.672, efg_pct=0.568, three_pt_pct=0.381.","Assigned to guards whose profile is driven by perimeter volume, three-point efficiency, and spacing tendency.",0.778804,0.372826,0.548152,0.778804,,,,
Seth Amunrud,Montana State,2026,Big Sky,Big Sky Comparison,G,Guard,24.0,516.0,21.9,7.6,0.0,15.9,5.5,5.5,9.2,0.4,0.615,0.185,7.7,4.7,10.8,1.4,2.0,0.615,0.577,125.4,108.6,165.0,10.2,Off-Ball Shooter,"Assigned as Off-Ball Shooter because the strongest aligned guard indicators were ts_pct=0.615, efg_pct=0.577, three_pt_pct=0.400.","Assigned to guards whose profile is driven by perimeter volume, three-point efficiency, and spacing tendency.",0.790652,0.388533,0.584565,0.790652,,,,
Jaden Steppe,Montana State,2026,Big Sky,Big Sky Comparison,F,Forward,32.0,502.0,15.6,5.7,0.0,19.0,10.5,10.5,5.0,0.31,0.311,0.237,10.0,3.9,16.2,2.3,1.8,0.599,0.596,110.4,106.3,174.0,17.6,3-and-D Forward,"Assigned as 3-and-D Forward because the strongest aligned forward indicators were stl_pct=1.800, three_pa=5, three_point_attempt_rate=0.311.",Assigned to forwards whose profile is driven by perimeter shooting plus defensive event production.,0.669333,,,,0.6455,0.669333,0.447667,0.5775
Evan Otten,Idaho State,2026,Big Sky,Big Sky Comparison,C,Forward,33.0,486.0,14.8,4.7,0.0,18.3,3.6,3.6,0.1,1.0,0.009,0.54,16.8,10.3,23.6,13.6,0.9,0.549,0.527,106.7,108.0,156.0,17.4,Interior Forward,"Assigned as Interior Forward because the strongest aligned forward indicators were blk_pct=13.600, drb_pct=23.600, trb_pct=16.800.","Assigned to forwards whose profile is driven by rebounding, interior activity, and rim-oriented impact.",0.813333,,,,0.565167,0.658167,0.813333,0.54
Arne Osojnik,Northern Arizona,2026,Big Sky,Big Sky Comparison,G,Guard,29.0,468.0,16.1,6.4,0.0,24.5,13.2,13.2,8.7,0.324,0.386,0.125,9.6,2.6,16.7,2.5,2.7,0.501,0.483,97.3,112.9,176.0,12.6,Primary Creator,"Assigned as Primary Creator because the strongest aligned guard indicators were usg_pct=24.500, ast_pct=13.200, assist_rate=13.200.","Assigned to high-creation guards driven by assist rate, usage, foul pressure, and offensive involvement.",0.641848,0.641848,0.561522,0.535326,,,,
Diego Campisano,Northern Arizona,2026,Big Sky,Big Sky Comparison,F,Forward,26.0,466.0,17.9,7.0,0.0,20.5,5.8,5.8,12.3,0.379,0.651,0.267,8.2,4.2,12.3,0.8,1.5,0.553,0.521,113.0,118.3,166.0,7.3,3-and-D Forward,"Assigned as 3-and-D Forward because the strongest aligned forward indicators were three_pa=12.300, three_point_attempt_rate=0.651, three_pt_pct=0.379.",Assigned to forwards whose profile is driven by perimeter shooting plus defensive event production.,0.690667,,,,0.593667,0.690667,0.3545,0.448167
Kavon Bradford,Northern Arizona,2026,Big Sky,Big Sky Comparison,G,Guard,30.0,455.0,15.2,4.9,0.0,21.8,19.5,19.5,2.0,0.267,0.127,0.542,6.1,1.6,10.6,1.3,2.1,0.499,0.449,95.3,117.1,157.0,19.5,Primary Creator,"Assigned as Primary Creator because the strongest aligned guard indicators were ft_rate=0.542, ast_pct=19.500, assist_rate=19.500.","Assigned to high-creation guards driven by assist rate, usage, foul pressure, and offensive involvement.",0.718696,0.718696,0.533478,0.291087,,,,
Alex Dupre,Portland State,2026,Big Sky,Big Sky Comparison,G,Guard,29.0,453.0,15.4,3.1,0.0,12.8,6.7,6.7,6.2,0.306,0.551,0.348,6.3,3.6,8.9,2.4,0.6,0.458,0.388,103.3,107.6,99.0,11.1,Off-Ball Shooter,"Assigned as Off-Ball Shooter because the strongest aligned guard indicators were three_point_attempt_rate=0.551, three_pt_pct=0.306, three_pa=6.200.","Assigned to guards whose profile is driven by perimeter volume, three-point efficiency, and spacing tendency.",0.477826,0.370978,0.342283,0.477826,,,,
Emmett Marquardt,Eastern Washington,2026,Big Sky,Big Sky Comparison,F,Forward,28.0,444.0,15.857142857142858,0.7214285714285714,0.0,18.0,9.1,9.1,9.7,0.378,0.602,0.179,10.6,5.6,15.6,3.6,1.7,0.581,0.553,113.1,114.6,150.0,15.8,3-and-D Forward,"Assigned as 3-and-D Forward because the strongest aligned forward indicators were three_pa=9.700, three_point_attempt_rate=0.602, three_pt_pct=0.378.",Assigned to forwards whose profile is driven by perimeter shooting plus defensive event production.,0.757333,,,,0.514667,0.757333,0.492667,0.541667
Gus Etchison,Idaho State,2026,Big Sky,Big Sky Comparison,G,Guard,32.0,425.0,13.1,8.4,0.0,35.6,40.0,40.0,14.2,0.347,0.449,0.276,6.9,2.4,11.8,0.5,2.1,0.55,0.531,114.2,117.0,275.0,13.0,Primary Creator,"Assigned as Primary Creator because the strongest aligned guard indicators were ast_pct=40, usg_pct=35.600, assist_rate=40.","Assigned to high-creation guards driven by assist rate, usage, foul pressure, and offensive involvement.",0.863696,0.863696,0.777772,0.68913,,,,
Jayden Teat,Sacramento State,2026,Big Sky,Big Sky Comparison,G,Guard,29.0,423.0,14.6,6.0,0.0,23.8,12.8,12.8,13.1,0.347,0.584,0.168,5.9,0.8,11.2,0.3,1.0,0.468,0.436,94.6,118.1,160.0,10.1,Off-Ball Shooter,"Assigned as Off-Ball Shooter because the strongest aligned guard indicators were three_pa=13.100, three_point_attempt_rate=0.584, three_pt_pct=0.347.","Assigned to guards whose profile is driven by perimeter volume, three-point efficiency, and spacing tendency.",0.663587,0.631848,0.492391,0.663587,,,,
Ardarius Grayson,Weber State,2026,Big Sky,Big Sky Comparison,G,Guard,30.0,402.0,13.4,3.9,0.0,19.5,15.4,15.4,6.3,0.244,0.388,0.31,6.9,1.4,12.6,0.3,3.0,0.44,0.384,92.1,108.4,124.0,17.4,Primary Creator,"Assigned as Primary Creator because the strongest aligned guard indicators were ast_pct=15.400, assist_rate=15.400, usg_pct=19.500.","Assigned to high-creation guards driven by assist rate, usage, foul pressure, and offensive involvement.",0.637228,0.637228,0.508261,0.380652,,,,
Mataj Glover,Sacramento State,2026,Big Sky,Big Sky Comparison,G,Guard,29.0,394.0,13.6,4.5,0.0,17.4,16.9,16.9,5.4,0.231,0.394,0.646,6.5,1.9,11.2,0.6,1.4,0.506,0.419,111.8,117.1,136.0,8.5,Primary Creator,"Assigned as Primary Creator because the strongest aligned guard indicators were ft_rate=0.646, ast_pct=16.900, assist_rate=16.900.","Assigned to high-creation guards driven by assist rate, usage, foul pressure, and offensive involvement.",0.697609,0.697609,0.586739,0.340435,,,,
Duce Paschal,Weber State,2026,Big Sky,Big Sky Comparison,G,Guard,30.0,376.0,12.5,3.6,0.0,18.6,9.3,9.3,6.8,0.244,0.395,0.219,11.4,5.7,17.2,0.9,3.9,0.433,0.399,96.7,104.3,115.0,12.5,Primary Creator,"Assigned as Primary Creator because the strongest aligned guard indicators were usg_pct=18.600, pct_possessions=0, ast_pct=9.300.","Assigned to high-creation guards driven by assist rate, usage, foul pressure, and offensive involvement.",0.503207,0.503207,0.443641,0.415761,,,,
Miles Klapper,Idaho,2026,Big Sky,Big Sky Comparison,G,Guard,27.0,341.0,12.62962962962963,0.6814814814814815,0.0,15.7,11.6,11.6,6.9,0.439,0.494,0.229,8.9,3.6,14.2,0.0,2.7,0.592,0.578,117.9,105.4,107.0,14.0,Off-Ball Shooter,"Assigned as Off-Ball Shooter because the strongest aligned guard indicators were three_pt_pct=0.439, efg_pct=0.578, ts_pct=0.592.","Assigned to guards whose profile is driven by perimeter volume, three-point efficiency, and spacing tendency.",0.758261,0.549891,0.702826,0.758261,,,,
Louis Bond,Idaho State,2026,Big Sky,Big Sky Comparison,G,Guard,24.0,337.0,13.0,4.6,0.0,18.8,7.4,7.4,5.5,0.355,0.373,0.47,8.7,3.7,14.1,2.4,1.4,0.581,0.512,111.2,116.7,111.0,17.1,Off-Ball Shooter,"Assigned as Off-Ball Shooter because the strongest aligned guard indicators were ts_pct=0.581, three_pt_pct=0.355, efg_pct=0.512.","Assigned to guards whose profile is driven by perimeter volume, three-point efficiency, and spacing tendency.",0.514891,0.486087,0.468696,0.514891,,,,
Sebastian Tidor,Portland State,2026,Big Sky,Big Sky Comparison,G,Guard,26.0,331.0,12.6,4.7,0.0,18.4,8.0,8.0,13.2,0.355,0.731,0.173,6.7,1.8,11.5,0.4,1.4,0.524,0.505,110.5,106.0,105.0,8.2,Off-Ball Shooter,"Assigned as Off-Ball Shooter because the strongest aligned guard indicators were three_pa=13.200, three_point_attempt_rate=0.731, three_pt_pct=0.355.","Assigned to guards whose profile is driven by perimeter volume, three-point efficiency, and spacing tendency.",0.750217,0.493261,0.521685,0.750217,,,,
Zack Davidson,Northern Arizona,2026,Big Sky,Big Sky Comparison,F,Forward,14.0,331.0,23.6,14.0,0.0,31.0,8.4,8.4,0.7,0.25,0.03,0.504,12.5,9.2,15.8,0.0,1.6,0.595,0.62,107.7,117.1,171.0,13.6,Scoring Forward,"Assigned as Scoring Forward because the strongest aligned forward indicators were usg_pct=31, points_per_game=14, ft_rate=0.504.","Assigned to forwards whose profile is driven by usage, scoring efficiency, free-throw pressure, and point production.",0.763833,,,,0.763833,0.4605,0.566833,0.536167
Oakland Fort,Northern Arizona,2026,Big Sky,Big Sky Comparison,G,Guard,29.0,321.0,11.1,3.1,0.0,15.4,26.1,26.1,5.1,0.37,0.36,0.08,4.4,2.7,6.2,0.4,2.2,0.572,0.573,116.8,119.2,102.0,15.2,Secondary Playmaker,"Assigned as Secondary Playmaker because the strongest aligned guard indicators were ast_pct=26.100, assist_rate=26.100, efg_pct=0.573.","Assigned to guards who provide balanced connective playmaking, efficiency, and secondary creation.",0.753696,0.657174,0.753696,0.536304,,,,
Isaiah Williams,Portland State,2026,Big Sky,Big Sky Comparison,G,Guard,23.0,317.0,12.7,2.9,0.0,13.7,3.1,3.1,6.7,0.243,0.569,0.4,6.6,2.2,10.9,2.7,2.9,0.517,0.469,105.0,101.3,72.0,11.4,Off-Ball Shooter,"Assigned as Off-Ball Shooter because the strongest aligned guard indicators were three_point_attempt_rate=0.569, three_pa=6.700, ts_pct=0.517.","Assigned to guards whose profile is driven by perimeter volume, three-point efficiency, and spacing tendency.",0.499565,0.334783,0.415109,0.499565,,,,
Howie Keene,Montana State,2026,Big Sky,Big Sky Comparison,G,Guard,25.0,307.0,12.0,2.2,0.0,11.6,7.4,7.4,9.3,0.271,0.828,0.069,8.6,4.0,13.3,1.0,2.5,0.459,0.44,104.1,106.6,62.0,11.8,Off-Ball Shooter,"Assigned as Off-Ball Shooter because the strongest aligned guard indicators were three_point_attempt_rate=0.828, three_pa=9.300, three_pt_pct=0.271.","Assigned to guards whose profile is driven by perimeter volume, three-point efficiency, and spacing tendency.",0.591957,0.350435,0.439565,0.591957,,,,
Elijah Thomas,Eastern Washington,2026,Big Sky,Big Sky Comparison,G,Guard,28.0,302.0,10.785714285714286,0.35,0.0,10.9,3.6,3.6,6.9,0.167,0.75,0.417,7.7,3.3,12.1,3.0,2.5,0.443,0.375,98.2,114.2,53.0,12.2,Off-Ball Shooter,"Assigned as Off-Ball Shooter because the strongest aligned guard indicators were three_point_attempt_rate=0.750, three_pa=6.900, three_pt_pct=0.167.","Assigned to guards whose profile is driven by perimeter volume, three-point efficiency, and spacing tendency.",0.483043,0.318261,0.35087,0.483043,,,,
Ariik Mawien,Northern Colorado,2026,Big Sky,Big Sky Comparison,G,Guard,30.0,275.0,9.2,3.4,0.0,22.3,7.4,7.4,8.7,0.214,0.457,0.207,12.7,5.4,19.4,2.3,1.0,0.505,0.495,95.6,107.4,97.0,16.5,Primary Creator,"Assigned as Primary Creator because the strongest aligned guard indicators were usg_pct=22.300, pct_possessions=0, ft_rate=0.207.","Assigned to high-creation guards driven by assist rate, usage, foul pressure, and offensive involvement.",0.461522,0.461522,0.363261,0.444348,,,,
Brycen Long,Portland State,2026,Big Sky,Big Sky Comparison,G,Guard,26.0,270.0,10.4,2.8,0.0,14.7,10.3,10.3,9.8,0.391,0.868,0.34,3.4,1.7,5.1,0.9,1.9,0.585,0.547,103.7,106.9,70.0,22.6,Off-Ball Shooter,"Assigned as Off-Ball Shooter because the strongest aligned guard indicators were three_point_attempt_rate=0.868, three_pt_pct=0.391, three_pa=9.800.","Assigned to guards whose profile is driven by perimeter volume, three-point efficiency, and spacing tendency.",0.82087,0.482826,0.592609,0.82087,,,,
Romari Robinson,Sacramento State,2026,Big Sky,Big Sky Comparison,G,Guard,24.0,266.0,11.1,1.8,0.0,10.8,7.7,7.7,3.9,0.263,0.463,0.366,6.7,1.2,12.5,0.9,3.5,0.436,0.402,84.9,111.5,44.0,18.6,Secondary Playmaker,"Assigned as Secondary Playmaker because the strongest aligned guard indicators were stl_pct=3.500, ast_pct=7.700, assist_rate=7.700.","Assigned to guards who provide balanced connective playmaking, efficiency, and secondary creation.",0.386304,0.363804,0.386304,0.370435,,,,
Blake Daberkow,Idaho State,2026,Big Sky,Big Sky Comparison,F,Forward,32.0,257.0,8.0,3.3,0.0,22.4,10.6,10.6,1.4,0.0,0.081,0.554,12.7,8.8,16.9,4.9,1.6,0.572,0.541,112.0,113.7,105.0,16.1,Interior Forward,"Assigned as Interior Forward because the strongest aligned forward indicators were blk_pct=4.900, ft_rate=0.554, orb_pct=8.800.","Assigned to forwards whose profile is driven by rebounding, interior activity, and rim-oriented impact.",0.690167,,,,0.636333,0.506167,0.690167,0.582
Brandon Gardner,Sacramento State,2026,Big Sky,Big Sky Comparison,F,Forward,16.0,250.0,15.6,4.1,0.0,13.8,4.4,4.4,4.8,0.227,0.386,0.263,9.8,6.8,12.8,7.3,0.7,0.515,0.465,109.9,114.6,68.0,9.8,3-and-D Forward,"Assigned as 3-and-D Forward because the strongest aligned forward indicators were blk_pct=7.300, three_point_attempt_rate=0.386, three_pa=4.800.",Assigned to forwards whose profile is driven by perimeter shooting plus defensive event production.,0.572833,,,,0.4115,0.572833,0.474167,0.377833
Connor Dick,Montana,2026,Big Sky,Montana,G,Guard,25.0,237.0,9.48,0.5720000000000001,0.0,15.1,5.6,5.6,4.0,0.235,0.405,0.69,10.2,7.8,12.0,3.1,2.4,0.538,0.452,103.5,103.8,67.0,20.1,Secondary Playmaker,"Assigned as Secondary Playmaker because the strongest aligned guard indicators were stl_pct=2.400, ts_pct=0.538, efg_pct=0.452.","Assigned to guards who provide balanced connective playmaking, efficiency, and secondary creation.",0.380326,0.374348,0.380326,0.364239,,,,
Cole Scherer,Eastern Washington,2026,Big Sky,Big Sky Comparison,G,Guard,27.0,217.0,8.037037037037036,0.5851851851851853,0.0,17.2,10.3,10.3,8.8,0.242,0.524,0.111,7.0,1.2,12.8,0.0,3.2,0.445,0.429,96.4,114.1,58.0,10.8,Primary Creator,"Assigned as Primary Creator because the strongest aligned guard indicators were ast_pct=10.300, assist_rate=10.300, usg_pct=17.200.","Assigned to high-creation guards driven by assist rate, usage, foul pressure, and offensive involvement.",0.511793,0.511793,0.507935,0.489891,,,,
Trae Taylor,Montana,2026,Big Sky,Montana,F,Forward,26.0,210.0,8.1,2.3,0.0,14.7,0.9,0.9,0.0,0.0,0.0,0.59,12.3,13.9,11.1,2.5,1.6,0.611,0.667,114.4,106.3,63.0,16.7,Scoring Forward,"Assigned as Scoring Forward because the strongest aligned forward indicators were efg_pct=0.667, ft_rate=0.590, ts_pct=0.611.","Assigned to forwards whose profile is driven by usage, scoring efficiency, free-throw pressure, and point production.",0.636333,,,,0.636333,0.424667,0.634667,0.518833
Quin Patterson,Idaho State,2026,Big Sky,Big Sky Comparison,G,Guard,25.0,210.0,8.4,1.5,0.0,11.4,2.5,2.5,9.4,0.273,0.943,0.257,4.9,4.2,5.6,0.0,1.1,0.471,0.443,98.4,121.5,36.0,15.1,Off-Ball Shooter,"Assigned as Off-Ball Shooter because the strongest aligned guard indicators were three_point_attempt_rate=0.943, three_pa=9.400, three_pt_pct=0.273.","Assigned to guards whose profile is driven by perimeter volume, three-point efficiency, and spacing tendency.",0.59663,0.268967,0.300489,0.59663,,,,
Cavin Holden,Montana State,2026,Big Sky,Big Sky Comparison,G,Guard,8.0,207.0,25.9,8.4,0.0,18.6,11.9,11.9,12.0,0.31,0.689,0.164,6.2,1.8,10.7,0.5,2.0,0.51,0.484,108.1,109.0,67.0,10.8,Off-Ball Shooter,"Assigned as Off-Ball Shooter because the strongest aligned guard indicators were three_pa=12, three_point_attempt_rate=0.689, three_pt_pct=0.310.","Assigned to guards whose profile is driven by perimeter volume, three-point efficiency, and spacing tendency.",0.664348,0.586793,0.579076,0.664348,,,,
Declan Cutler,Weber State,2026,Big Sky,Big Sky Comparison,F,Forward,26.0,189.0,7.3,1.5,0.0,10.6,5.1,5.1,0.0,0.0,0.0,0.407,17.1,14.4,19.9,4.2,1.2,0.621,0.63,121.7,107.5,50.0,21.8,Interior Forward,"Assigned as Interior Forward because the strongest aligned forward indicators were orb_pct=14.400, trb_pct=17.100, ortg=122.","Assigned to forwards whose profile is driven by rebounding, interior activity, and rim-oriented impact.",0.824333,,,,0.556833,0.411167,0.824333,0.642833
Jeremiah Cherry,Sacramento State,2026,Big Sky,Big Sky Comparison,F,Forward,6.0,187.0,31.2,15.5,0.0,28.9,12.2,12.2,2.3,0.125,0.104,0.338,14.2,5.7,23.1,8.6,1.2,0.52,0.487,91.6,109.1,87.0,19.8,Interior Forward,"Assigned as Interior Forward because the strongest aligned forward indicators were blk_pct=8.600, drb_pct=23.100, trb_pct=14.200.","Assigned to forwards whose profile is driven by rebounding, interior activity, and rim-oriented impact.",0.641333,,,,0.584333,0.561667,0.641333,0.557833
David Hansen,Weber State,2026,Big Sky,Big Sky Comparison,F,Forward,25.0,139.0,5.6,2.0,0.0,18.1,3.6,3.6,15.1,0.378,0.902,0.146,11.2,4.9,17.8,0.8,0.8,0.57,0.537,109.7,111.0,45.0,15.4,3-and-D Forward,"Assigned as 3-and-D Forward because the strongest aligned forward indicators were three_point_attempt_rate=0.902, three_pa=15.100, three_pt_pct=0.378.",Assigned to forwards whose profile is driven by perimeter shooting plus defensive event production.,0.687167,,,,0.490833,0.687167,0.466333,0.459333
Waka Mbatch,Montana State,2026,Big Sky,Big Sky Comparison,F,Forward,11.0,137.0,12.5,4.7,0.0,19.1,9.3,9.3,0.4,0.0,0.032,0.677,14.8,8.0,21.6,5.3,1.3,0.635,0.581,120.6,103.6,54.0,18.0,Interior Forward,"Assigned as Interior Forward because the strongest aligned forward indicators were ft_rate=0.677, drb_pct=21.600, blk_pct=5.300.","Assigned to forwards whose profile is driven by rebounding, interior activity, and rim-oriented impact.",0.799,,,,0.721167,0.544167,0.799,0.7185
Chase Henderson,Montana,2026,Big Sky,Montana,G,Guard,19.0,134.0,7.052631578947368,0.994736842105263,0.0,20.4,15.1,15.1,5.9,0.357,0.378,0.189,4.8,1.0,7.9,0.0,1.3,0.558,0.527,92.7,110.0,44.0,24.4,Primary Creator,"Assigned as Primary Creator because the strongest aligned guard indicators were ast_pct=15.100, usg_pct=20.400, assist_rate=15.100.","Assigned to high-creation guards driven by assist rate, usage, foul pressure, and offensive involvement.",0.607989,0.607989,0.550598,0.525326,,,,
Aidan Sevilla,Idaho,2026,Big Sky,Big Sky Comparison,G,Guard,22.0,132.0,6.0,0.7954545454545454,0.0,16.4,22.8,22.8,6.1,0.286,0.438,0.281,8.2,5.1,11.3,0.0,2.2,0.551,0.5,119.2,107.3,48.0,16.2,Secondary Playmaker,"Assigned as Secondary Playmaker because the strongest aligned guard indicators were ast_pct=22.800, assist_rate=22.800, stl_pct=2.200.","Assigned to guards who provide balanced connective playmaking, efficiency, and secondary creation.",0.693207,0.666848,0.693207,0.472717,,,,
Amari Jedkins,Montana,2026,Big Sky,Montana,F,Forward,23.0,124.0,5.391304347826087,0.6130434782608696,0.0,13.0,1.4,1.4,5.5,0.333,0.444,0.185,12.3,6.4,17.0,3.4,2.7,0.528,0.519,110.4,100.9,30.0,6.4,3-and-D Forward,"Assigned as 3-and-D Forward because the strongest aligned forward indicators were stl_pct=2.700, three_point_attempt_rate=0.444, drtg=101.",Assigned to forwards whose profile is driven by perimeter shooting plus defensive event production.,0.7395,,,,0.3485,0.7395,0.537667,0.610833
Courtney Anderson,Montana,2026,Big Sky,Montana,G,Guard,10.0,114.0,11.4,2.82,0.0,20.8,3.4,3.4,14.8,0.467,0.857,0.257,7.2,7.0,7.4,1.9,1.0,0.726,0.714,122.9,110.0,47.0,15.1,Off-Ball Shooter,"Assigned as Off-Ball Shooter because the strongest aligned guard indicators were three_pt_pct=0.467, three_pa=14.800, ts_pct=0.726.","Assigned to guards whose profile is driven by perimeter volume, three-point efficiency, and spacing tendency.",0.953696,0.421359,0.546141,0.953696,,,,
Mozae Downing Rivers,Portland State,2026,Big Sky,Big Sky Comparison,G,Guard,18.0,100.0,5.6,1.1,0.0,12.1,30.9,30.9,0.6,0.0,0.083,0.417,0.6,0.0,1.2,1.2,4.0,0.661,0.583,103.5,103.3,26.0,41.0,Secondary Playmaker,"Assigned as Secondary Playmaker because the strongest aligned guard indicators were stl_pct=4, ts_pct=0.661, ast_pct=30.900.","Assigned to guards who provide balanced connective playmaking, efficiency, and secondary creation.",0.794239,0.661902,0.794239,0.307935,,,,
Ewan Steele,Idaho,2026,Big Sky,Big Sky Comparison,F,Forward,14.0,96.0,6.857142857142857,0.9428571428571428,0.0,11.9,12.2,12.2,3.0,0.4,0.294,0.588,13.6,2.4,25.2,3.5,0.0,0.506,0.471,122.9,105.6,24.0,4.4,Glue Forward,"Assigned as Glue Forward because the strongest aligned forward indicators were drb_pct=25.200, ast_pct=12.200, tov_pct=4.400.","Assigned to forwards with broad all-around contribution across defense, rebounding, passing, and efficiency.",0.665167,,,,0.4235,0.628333,0.656833,0.665167
Tanner Braketa,Northern Colorado,2026,Big Sky,Big Sky Comparison,G,Guard,12.0,92.0,7.7,2.7,0.0,14.9,10.7,10.7,13.1,0.381,0.84,0.0,5.2,0.0,9.9,0.0,0.0,0.64,0.64,128.2,114.3,28.0,7.4,Off-Ball Shooter,"Assigned as Off-Ball Shooter because the strongest aligned guard indicators were efg_pct=0.640, ts_pct=0.640, three_point_attempt_rate=0.840.","Assigned to guards whose profile is driven by perimeter volume, three-point efficiency, and spacing tendency.",0.859457,0.521522,0.72,0.859457,,,,
Charles Chukwu,Portland State,2026,Big Sky,Big Sky Comparison,C,Forward,21.0,89.0,4.2,1.4,0.0,11.7,2.2,2.2,0.0,0.0,0.0,0.111,10.4,7.8,13.0,4.1,1.3,0.792,0.833,144.3,103.3,24.0,9.5,Glue Forward,"Assigned as Glue Forward because the strongest aligned forward indicators were ts_pct=0.792, drtg=103, tov_pct=9.500.","Assigned to forwards with broad all-around contribution across defense, rebounding, passing, and efficiency.",0.630333,,,,0.587333,0.45,0.558,0.630333
Brayden Barron,Portland State,2026,Big Sky,Big Sky Comparison,F,Forward,20.0,85.0,4.3,0.9,0.0,14.0,2.0,2.0,0.0,0.0,0.0,0.118,18.4,16.4,20.4,2.8,1.4,0.501,0.529,95.8,101.3,22.0,25.1,Interior Forward,"Assigned as Interior Forward because the strongest aligned forward indicators were orb_pct=16.400, trb_pct=18.400, drb_pct=20.400.","Assigned to forwards whose profile is driven by rebounding, interior activity, and rim-oriented impact.",0.726667,,,,0.345,0.402333,0.726667,0.546
Shaumba Ngoyi,Eastern Washington,2026,Big Sky,Big Sky Comparison,F,Forward,20.0,83.0,4.15,0.42,0.0,12.0,3.9,3.9,0.0,0.0,0.0,0.5,13.6,10.6,16.7,1.4,0.7,0.404,0.5,81.3,117.3,15.0,25.2,Interior Forward,"Assigned as Interior Forward because the strongest aligned forward indicators were orb_pct=10.600, ft_rate=0.500, trb_pct=13.600.","Assigned to forwards whose profile is driven by rebounding, interior activity, and rim-oriented impact.",0.626333,,,,0.316333,0.257667,0.626333,0.35
Hunter Caldwell,Northern Colorado,2026,Big Sky,Big Sky Comparison,C,Forward,14.0,76.0,5.4,2.5,0.0,19.4,11.8,11.8,11.3,0.467,0.6,0.0,8.6,6.5,10.4,1.4,0.0,0.7,0.7,128.1,113.2,31.0,13.8,Scoring Forward,"Assigned as Scoring Forward because the strongest aligned forward indicators were efg_pct=0.700, ts_pct=0.700, usg_pct=19.400.","Assigned to forwards whose profile is driven by usage, scoring efficiency, free-throw pressure, and point production.",0.674333,,,,0.674333,0.673167,0.4,0.4865
Erez Poran,Northern Arizona,2026,Big Sky,Big Sky Comparison,G,Guard,13.0,71.0,5.5,0.8,0.0,13.2,9.6,9.6,5.9,0.143,0.5,0.214,14.8,6.9,22.7,1.6,1.7,0.324,0.321,84.1,113.6,14.0,11.5,Primary Creator,"Assigned as Primary Creator because the strongest aligned guard indicators were ast_pct=9.600, assist_rate=9.600, pct_possessions=0.","Assigned to high-creation guards driven by assist rate, usage, foul pressure, and offensive involvement.",0.440761,0.440761,0.397989,0.356196,,,,
Kadyn Betts,Montana,2026,Big Sky,Montana,F,Forward,9.0,59.0,6.555555555555555,2.977777777777778,0.0,24.2,6.5,6.5,7.6,0.625,0.5,0.375,10.0,6.8,12.5,1.8,0.0,0.743,0.719,99.8,109.9,24.0,32.3,Scoring Forward,"Assigned as Scoring Forward because the strongest aligned forward indicators were ts_pct=0.743, efg_pct=0.719, usg_pct=24.200.","Assigned to forwards whose profile is driven by usage, scoring efficiency, free-throw pressure, and point production.",0.706667,,,,0.706667,0.6885,0.456,0.387333
Colt Ness,Portland State,2026,Big Sky,Big Sky Comparison,G,Guard,10.0,56.0,5.6,0.8,0.0,16.9,32.0,32.0,4.1,0.0,0.308,0.0,7.2,0.0,14.5,2.2,3.1,0.308,0.308,71.4,99.2,13.0,31.6,Primary Creator,"Assigned as Primary Creator because the strongest aligned guard indicators were ast_pct=32, assist_rate=32, pct_possessions=0.","Assigned to high-creation guards driven by assist rate, usage, foul pressure, and offensive involvement.",0.652826,0.652826,0.561304,0.22337,,,,
Chancellor White,Northern Colorado,2026,Big Sky,Big Sky Comparison,G,Guard,6.0,53.0,8.8,4.5,0.0,27.1,9.6,9.6,10.8,0.3,0.526,0.474,12.3,2.3,21.4,0.0,0.0,0.58,0.5,106.2,110.7,25.0,17.7,Off-Ball Shooter,"Assigned as Off-Ball Shooter because the strongest aligned guard indicators were three_pa=10.800, ts_pct=0.580, three_point_attempt_rate=0.526.","Assigned to guards whose profile is driven by perimeter volume, three-point efficiency, and spacing tendency.",0.617065,0.611739,0.490435,0.617065,,,,
Maddox Monson,Eastern Washington,2026,Big Sky,Big Sky Comparison,G,Guard,17.0,44.0,2.588235294117647,0.8529411764705882,0.0,17.2,3.8,3.8,13.2,0.3,0.769,0.0,8.6,11.4,5.7,0.0,2.6,0.423,0.423,95.8,117.7,12.0,13.3,Off-Ball Shooter,"Assigned as Off-Ball Shooter because the strongest aligned guard indicators were three_pa=13.200, three_point_attempt_rate=0.769, three_pt_pct=0.300.","Assigned to guards whose profile is driven by perimeter volume, three-point efficiency, and spacing tendency.",0.660109,0.333587,0.350326,0.660109,,,,
William Humer,Northern Colorado,2026,Big Sky,Big Sky Comparison,F,Forward,4.0,43.0,10.8,2.3,0.0,18.3,17.9,17.9,4.0,0.333,0.273,0.091,20.7,17.4,23.7,2.4,2.7,0.392,0.409,93.8,102.0,15.0,25.8,Interior Forward,"Assigned as Interior Forward because the strongest aligned forward indicators were trb_pct=20.700, orb_pct=17.400, drb_pct=23.700.","Assigned to forwards whose profile is driven by rebounding, interior activity, and rim-oriented impact.",0.733167,,,,0.3655,0.6595,0.733167,0.672833
Landen Birley,Idaho State,2026,Big Sky,Big Sky Comparison,G,Guard,10.0,34.0,3.4,0.4,0.0,6.1,10.2,10.2,3.5,0.0,0.5,0.0,3.8,0.0,7.7,3.4,0.0,0.5,0.5,129.2,121.5,4.0,0.0,Secondary Playmaker,"Assigned as Secondary Playmaker because the strongest aligned guard indicators were tov_pct=0, efg_pct=0.500, ast_pct=10.200.","Assigned to guards who provide balanced connective playmaking, efficiency, and secondary creation.",0.545272,0.457717,0.545272,0.296739,,,,
Bourgeois Tshilobo,Weber State,2026,Big Sky,Big Sky Comparison,C,Forward,7.0,33.0,4.7,2.6,0.0,24.3,6.9,6.9,0.0,0.0,0.0,0.077,24.5,24.1,24.9,0.0,3.4,0.668,0.692,120.1,103.2,17.0,18.2,Glue Forward,"Assigned as Glue Forward because the strongest aligned forward indicators were trb_pct=24.500, stl_pct=3.400, drb_pct=24.900.","Assigned to forwards with broad all-around contribution across defense, rebounding, passing, and efficiency.",0.792333,,,,0.692333,0.411667,0.771,0.792333
Brady Smith,Weber State,2026,Big Sky,Big Sky Comparison,G,Guard,8.0,26.0,3.3,1.3,0.0,26.1,0.0,0.0,4.4,0.0,0.182,0.182,6.7,4.4,9.0,0.0,0.0,0.418,0.364,82.7,116.4,9.0,14.3,Primary Creator,"Assigned as Primary Creator because the strongest aligned guard indicators were usg_pct=26.100, pct_possessions=0, ft_rate=0.182.","Assigned to high-creation guards driven by assist rate, usage, foul pressure, and offensive involvement.",0.358478,0.358478,0.161087,0.183804,,,,
Jeremiah Nyarko,Sacramento State,2026,Big Sky,Big Sky Comparison,F,Forward,5.0,25.0,5.0,0.8,0.0,13.6,0.0,0.0,0.0,0.0,0.0,0.0,15.2,12.7,17.7,4.6,2.2,0.333,0.333,82.0,109.6,5.0,14.3,Interior Forward,"Assigned as Interior Forward because the strongest aligned forward indicators were orb_pct=12.700, trb_pct=15.200, blk_pct=4.600.","Assigned to forwards whose profile is driven by rebounding, interior activity, and rim-oriented impact.",0.651,,,,0.232833,0.420167,0.651,0.502
Kean Webb,Portland State,2026,Big Sky,Big Sky Comparison,C,Forward,4.0,25.0,6.3,0.8,0.0,10.6,0.0,0.0,0.0,0.0,0.0,3.5,9.3,9.3,9.3,14.5,4.6,0.282,0.5,78.0,91.7,4.0,0.0,Interior Forward,"Assigned as Interior Forward because the strongest aligned forward indicators were blk_pct=14.500, ft_rate=3.500, orb_pct=9.300.","Assigned to forwards whose profile is driven by rebounding, interior activity, and rim-oriented impact.",0.539333,,,,0.320167,0.501667,0.539333,0.461167
Isaiah Bronson,Sacramento State,2026,Big Sky,Big Sky Comparison,G,Guard,6.0,21.0,3.5,0.7,0.0,11.3,8.1,8.1,0.0,0.0,0.0,2.0,5.2,5.1,5.3,5.4,0.0,0.513,0.5,101.5,120.4,5.0,20.4,Primary Creator,"Assigned as Primary Creator because the strongest aligned guard indicators were ft_rate=2, pct_possessions=0, ast_pct=8.100.","Assigned to high-creation guards driven by assist rate, usage, foul pressure, and offensive involvement.",0.414674,0.414674,0.370978,0.158804,,,,
Angelo Winkel,Eastern Washington,2026,Big Sky,Big Sky Comparison,F,Forward,4.0,20.0,5.0,5.075,0.0,19.9,8.5,8.5,0.0,0.0,0.0,1.333,6.3,6.3,6.3,11.4,2.9,0.714,0.667,97.4,110.8,7.0,38.0,Scoring Forward,"Assigned as Scoring Forward because the strongest aligned forward indicators were ft_rate=1.333, ts_pct=0.714, efg_pct=0.667.","Assigned to forwards whose profile is driven by usage, scoring efficiency, free-throw pressure, and point production.",0.718833,,,,0.718833,0.486667,0.472167,0.461333
Jaedyn Brown,Idaho State,2026,Big Sky,Big Sky Comparison,G,Guard,3.0,18.0,6.0,0.7,0.0,14.4,9.6,9.6,6.6,0.0,0.5,0.0,3.6,0.0,7.3,0.0,0.0,0.25,0.25,56.9,123.5,2.0,20.0,Primary Creator,"Assigned as Primary Creator because the strongest aligned guard indicators were ast_pct=9.600, assist_rate=9.600, pct_possessions=0.","Assigned to high-creation guards driven by assist rate, usage, foul pressure, and offensive involvement.",0.399891,0.399891,0.31712,0.327609,,,,
Kristian Gonzalez,Idaho,2026,Big Sky,Big Sky Comparison,G,Guard,1.0,18.0,18.0,57.6,0.0,31.7,0.0,0.0,12.8,0.75,0.5,0.375,3.2,0.0,6.4,0.0,0.0,0.955,0.938,138.2,114.3,10.0,17.5,Off-Ball Shooter,"Assigned as Off-Ball Shooter because the strongest aligned guard indicators were three_pt_pct=0.750, ts_pct=0.955, efg_pct=0.938.","Assigned to guards whose profile is driven by perimeter volume, three-point efficiency, and spacing tendency.",0.859239,0.436196,0.471576,0.859239,,,,
Walker Asp,Northern Colorado,2026,Big Sky,Big Sky Comparison,F,Forward,3.0,17.0,5.7,1.0,0.0,11.9,8.6,8.6,6.7,0.5,0.667,0.0,10.5,7.3,13.3,12.2,0.0,0.5,0.5,98.9,105.2,4.0,25.0,3-and-D Forward,"Assigned as 3-and-D Forward because the strongest aligned forward indicators were three_pt_pct=0.500, blk_pct=12.200, three_point_attempt_rate=0.667.",Assigned to forwards whose profile is driven by perimeter shooting plus defensive event production.,0.759,,,,0.266833,0.759,0.4825,0.391
Calum Rutherfurd,Montana State,2026,Big Sky,Big Sky Comparison,F,Forward,5.0,15.0,3.0,1.0,0.0,17.2,12.2,12.2,0.0,0.0,0.0,1.0,20.4,24.4,16.4,0.0,0.0,0.847,1.0,121.4,111.9,7.0,40.4,Interior Forward,"Assigned as Interior Forward because the strongest aligned forward indicators were orb_pct=24.400, ft_rate=1, trb_pct=20.400.","Assigned to forwards whose profile is driven by rebounding, interior activity, and rim-oriented impact.",0.765167,,,,0.707167,0.251833,0.765167,0.591167
Grayson Gaddis,Montana State,2026,Big Sky,Big Sky Comparison,F,Forward,5.0,15.0,3.0,1.8,0.0,38.1,27.7,27.7,27.6,0.143,0.778,0.222,12.3,8.1,16.4,0.0,0.0,0.452,0.389,104.6,112.1,10.0,9.1,3-and-D Forward,"Assigned as 3-and-D Forward because the strongest aligned forward indicators were three_pa=27.600, three_point_attempt_rate=0.778, three_pt_pct=0.143.",Assigned to forwards whose profile is driven by perimeter shooting plus defensive event production.,0.514667,,,,0.47,0.514667,0.472667,0.478833
Kasen Carpenter,Idaho State,2026,Big Sky,Big Sky Comparison,G,Guard,8.0,11.0,1.4,0.1,0.0,28.0,0.0,0.0,10.9,0.0,1.0,1.0,5.8,11.4,0.0,0.0,0.0,0.169,0.0,28.5,125.9,2.0,50.4,Off-Ball Shooter,"Assigned as Off-Ball Shooter because the strongest aligned guard indicators were three_point_attempt_rate=1, three_pa=10.900, ts_pct=0.169.","Assigned to guards whose profile is driven by perimeter volume, three-point efficiency, and spacing tendency.",0.480978,0.405109,0.148587,0.480978,,,,
Walker Timme,Northern Arizona,2026,Big Sky,Big Sky Comparison,F,Forward,1.0,8.0,8.0,4.0,0.0,13.4,0.0,0.0,0.0,0.0,0.0,0.0,7.7,0.0,15.5,0.0,0.0,1.0,1.0,200.0,121.3,2.0,0.0,Scoring Forward,"Assigned as Scoring Forward because the strongest aligned forward indicators were ts_pct=1, efg_pct=1, points_per_game=4.","Assigned to forwards whose profile is driven by usage, scoring efficiency, free-throw pressure, and point production.",0.593833,,,,0.593833,0.228667,0.332667,0.465833
Jt Amundsen,Northern Arizona,2026,Big Sky,Big Sky Comparison,G,Guard,4.0,7.0,1.8,0.8,0.0,23.0,28.6,28.6,25.8,0.333,1.0,0.0,17.6,17.5,17.7,0.0,0.0,0.5,0.5,130.8,119.8,4.0,0.0,Primary Creator,"Assigned as Primary Creator because the strongest aligned guard indicators were ast_pct=28.600, assist_rate=28.600, usg_pct=23.","Assigned to high-creation guards driven by assist rate, usage, foul pressure, and offensive involvement.",0.781957,0.781957,0.717554,0.73163,,,,
Alton Hamilton,Eastern Washington,2026,Big Sky,Big Sky Comparison,F,Forward,0.0,0.0,27.70967741935484,0.8903225806451613,0.0,0.0,0.0,0.0,0.0,0.0,0.0,0.0,0.0,0.0,0.0,0.0,0.0,0.0,0.0,0.0,0.0,0.0,0.0,Glue Forward,"Assigned as Glue Forward because the strongest aligned forward indicators were drtg=0, tov_pct=0, stl_pct=0.","Assigned to forwards with broad all-around contribution across defense, rebounding, passing, and efficiency.",0.2845,,,,0.124667,0.265,0.102667,0.2845
Luke Moxon,Montana,2026,Big Sky,Montana,G,Guard,0.0,0.0,0.0,0.0,0.0,0.0,0.0,0.0,0.0,0.0,0.0,0.0,0.0,0.0,0.0,0.0,0.0,0.0,0.0,0.0,0.0,0.0,0.0,Primary Creator,"Assigned as Primary Creator because the strongest aligned guard indicators were pct_possessions=0, ft_rate=0, ast_pct=0.","Assigned to high-creation guards driven by assist rate, usage, foul pressure, and offensive involvement.",0.180435,0.180435,0.147826,0.093804,,,,
Alan Gballou,Eastern Washington,2026,Big Sky,Big Sky Comparison,F,Forward,0.0,0.0,0.0,0.0,0.0,0.0,0.0,0.0,0.0,0.0,0.0,0.0,0.0,0.0,0.0,0.0,0.0,0.0,0.0,0.0,0.0,0.0,0.0,Glue Forward,"Assigned as Glue Forward because the strongest aligned forward indicators were drtg=0, tov_pct=0, stl_pct=0.","Assigned to forwards with broad all-around contribution across defense, rebounding, passing, and efficiency.",0.2845,,,,0.094667,0.265,0.102667,0.2845
Andrew Cook,Eastern Washington,2026,Big Sky,Big Sky Comparison,G,Guard,0.0,0.0,0.0,0.0,0.0,0.0,0.0,0.0,0.0,0.0,0.0,0.0,0.0,0.0,0.0,0.0,0.0,0.0,0.0,0.0,0.0,0.0,0.0,Primary Creator,"Assigned as Primary Creator because the strongest aligned guard indicators were pct_possessions=0, ft_rate=0, ast_pct=0.","Assigned to high-creation guards driven by assist rate, usage, foul pressure, and offensive involvement.",0.180435,0.180435,0.147826,0.093804,,,,
Talon Jenkins,Idaho,2026,Big Sky,Big Sky Comparison,G,Guard,0.0,0.0,0.0,0.0,0.0,0.0,0.0,0.0,0.0,0.0,0.0,0.0,0.0,0.0,0.0,0.0,0.0,0.0,0.0,0.0,0.0,0.0,0.0,Primary Creator,"Assigned as Primary Creator because the strongest aligned guard indicators were pct_possessions=0, ft_rate=0, ast_pct=0.","Assigned to high-creation guards driven by assist rate, usage, foul pressure, and offensive involvement.",0.180435,0.180435,0.147826,0.093804,,,,
Titus Yearout,Idaho,2026,Big Sky,Big Sky Comparison,G,Guard,0.0,0.0,0.0,0.0,0.0,0.0,0.0,0.0,0.0,0.0,0.0,0.0,0.0,0.0,0.0,0.0,0.0,0.0,0.0,0.0,0.0,0.0,0.0,Primary Creator,"Assigned as Primary Creator because the strongest aligned guard indicators were pct_possessions=0, ft_rate=0, ast_pct=0.","Assigned to high-creation guards driven by assist rate, usage, foul pressure, and offensive involvement.",0.180435,0.180435,0.147826,0.093804,,,,
Tyler Linhardt,Idaho,2026,Big Sky,Big Sky Comparison,F,Forward,0.0,0.0,0.0,0.0,0.0,0.0,0.0,0.0,0.0,0.0,0.0,0.0,0.0,0.0,0.0,0.0,0.0,0.0,0.0,0.0,0.0,0.0,0.0,Glue Forward,"Assigned as Glue Forward because the strongest aligned forward indicators were drtg=0, tov_pct=0, stl_pct=0.","Assigned to forwards with broad all-around contribution across defense, rebounding, passing, and efficiency.",0.2845,,,,0.094667,0.265,0.102667,0.2845
William Jenson,Idaho,2026,Big Sky,Big Sky Comparison,F,Forward,0.0,0.0,0.0,0.0,0.0,0.0,0.0,0.0,0.0,0.0,0.0,0.0,0.0,0.0,0.0,0.0,0.0,0.0,0.0,0.0,0.0,0.0,0.0,Glue Forward,"Assigned as Glue Forward because the strongest aligned forward indicators were drtg=0, tov_pct=0, stl_pct=0.","Assigned to forwards with broad all-around contribution across defense, rebounding, passing, and efficiency.",0.2845,,,,0.094667,0.265,0.102667,0.2845
Trey Arland,Idaho State,2026,Big Sky,Big Sky Comparison,G,Guard,0.0,0.0,0.0,0.0,0.0,0.0,0.0,0.0,0.0,0.0,0.0,0.0,0.0,0.0,0.0,0.0,0.0,0.0,0.0,0.0,0.0,0.0,0.0,Primary Creator,"Assigned as Primary Creator because the strongest aligned guard indicators were pct_possessions=0, ft_rate=0, ast_pct=0.","Assigned to high-creation guards driven by assist rate, usage, foul pressure, and offensive involvement.",0.180435,0.180435,0.147826,0.093804,,,,
Cj Purdie,Montana State,2026,Big Sky,Big Sky Comparison,G,Guard,0.0,0.0,0.0,0.0,0.0,0.0,0.0,0.0,0.0,0.0,0.0,0.0,0.0,0.0,0.0,0.0,0.0,0.0,0.0,0.0,0.0,0.0,0.0,Primary Creator,"Assigned as Primary Creator because the strongest aligned guard indicators were pct_possessions=0, ft_rate=0, ast_pct=0.","Assigned to high-creation guards driven by assist rate, usage, foul pressure, and offensive involvement.",0.180435,0.180435,0.147826,0.093804,,,,
James Steward,Montana State,2026,Big Sky,Big Sky Comparison,F,Forward,0.0,0.0,0.0,0.0,0.0,0.0,0.0,0.0,0.0,0.0,0.0,0.0,0.0,0.0,0.0,0.0,0.0,0.0,0.0,0.0,0.0,0.0,0.0,Glue Forward,"Assigned as Glue Forward because the strongest aligned forward indicators were drtg=0, tov_pct=0, stl_pct=0.","Assigned to forwards with broad all-around contribution across defense, rebounding, passing, and efficiency.",0.2845,,,,0.094667,0.265,0.102667,0.2845
Kaden Ericksen,Northern Colorado,2026,Big Sky,Big Sky Comparison,G,Guard,0.0,0.0,0.0,0.0,0.0,0.0,0.0,0.0,0.0,0.0,0.0,0.0,0.0,0.0,0.0,0.0,0.0,0.0,0.0,0.0,0.0,0.0,0.0,Primary Creator,"Assigned as Primary Creator because the strongest aligned guard indicators were pct_possessions=0, ft_rate=0, ast_pct=0.","Assigned to high-creation guards driven by assist rate, usage, foul pressure, and offensive involvement.",0.180435,0.180435,0.147826,0.093804,,,,
Steven Ramirez,Northern Colorado,2026,Big Sky,Big Sky Comparison,G,Guard,0.0,0.0,0.0,0.0,0.0,0.0,0.0,0.0,0.0,0.0,0.0,0.0,0.0,0.0,0.0,0.0,0.0,0.0,0.0,0.0,0.0,0.0,0.0,Primary Creator,"Assigned as Primary Creator because the strongest aligned guard indicators were pct_possessions=0, ft_rate=0, ast_pct=0.","Assigned to high-creation guards driven by assist rate, usage, foul pressure, and offensive involvement.",0.180435,0.180435,0.147826,0.093804,,,,
William Dixion,Northern Colorado,2026,Big Sky,Big Sky Comparison,G,Guard,0.0,0.0,0.0,0.0,0.0,0.0,0.0,0.0,0.0,0.0,0.0,0.0,0.0,0.0,0.0,0.0,0.0,0.0,0.0,0.0,0.0,0.0,0.0,Primary Creator,"Assigned as Primary Creator because the strongest aligned guard indicators were pct_possessions=0, ft_rate=0, ast_pct=0.","Assigned to high-creation guards driven by assist rate, usage, foul pressure, and offensive involvement.",0.180435,0.180435,0.147826,0.093804,,,,
Isaac Brice,Portland State,2026,Big Sky,Big Sky Comparison,F,Forward,0.0,0.0,0.0,0.0,0.0,0.0,0.0,0.0,0.0,0.0,0.0,0.0,0.0,0.0,0.0,0.0,0.0,0.0,0.0,0.0,0.0,0.0,0.0,Glue Forward,"Assigned as Glue Forward because the strongest aligned forward indicators were drtg=0, tov_pct=0, stl_pct=0.","Assigned to forwards with broad all-around contribution across defense, rebounding, passing, and efficiency.",0.2845,,,,0.094667,0.265,0.102667,0.2845
Matthew Beatty,Portland State,2026,Big Sky,Big Sky Comparison,C,Forward,0.0,0.0,0.0,0.0,0.0,0.0,0.0,0.0,0.0,0.0,0.0,0.0,0.0,0.0,0.0,0.0,0.0,0.0,0.0,0.0,0.0,0.0,0.0,Glue Forward,"Assigned as Glue Forward because the strongest aligned forward indicators were drtg=0, tov_pct=0, stl_pct=0.","Assigned to forwards with broad all-around contribution across defense, rebounding, passing, and efficiency.",0.2845,,,,0.094667,0.265,0.102667,0.2845
Samuel Stewart,Portland State,2026,Big Sky,Big Sky Comparison,G,Guard,0.0,0.0,0.0,0.0,0.0,0.0,0.0,0.0,0.0,0.0,0.0,0.0,0.0,0.0,0.0,0.0,0.0,0.0,0.0,0.0,0.0,0.0,0.0,Primary Creator,"Assigned as Primary Creator because the strongest aligned guard indicators were pct_possessions=0, ft_rate=0, ast_pct=0.","Assigned to high-creation guards driven by assist rate, usage, foul pressure, and offensive involvement.",0.180435,0.180435,0.147826,0.093804,,,,
Terri Miller,Portland State,2026,Big Sky,Big Sky Comparison,F,Forward,0.0,0.0,0.0,0.0,0.0,0.0,0.0,0.0,0.0,0.0,0.0,0.0,0.0,0.0,0.0,0.0,0.0,0.0,0.0,0.0,0.0,0.0,0.0,Glue Forward,"Assigned as Glue Forward because the strongest aligned forward indicators were drtg=0, tov_pct=0, stl_pct=0.","Assigned to forwards with broad all-around contribution across defense, rebounding, passing, and efficiency.",0.2845,,,,0.094667,0.265,0.102667,0.2845
Davis Ambuehl,Sacramento State,2026,Big Sky,Big Sky Comparison,C,Forward,0.0,0.0,0.0,0.0,0.0,0.0,0.0,0.0,0.0,0.0,0.0,0.0,0.0,0.0,0.0,0.0,0.0,0.0,0.0,0.0,0.0,0.0,0.0,Glue Forward,"Assigned as Glue Forward because the strongest aligned forward indicators were drtg=0, tov_pct=0, stl_pct=0.","Assigned to forwards with broad all-around contribution across defense, rebounding, passing, and efficiency.",0.2845,,,,0.094667,0.265,0.102667,0.2845
Zach Anderson,Sacramento State,2026,Big Sky,Big Sky Comparison,G,Guard,0.0,0.0,0.0,0.0,0.0,0.0,0.0,0.0,0.0,0.0,0.0,0.0,0.0,0.0,0.0,0.0,0.0,0.0,0.0,0.0,0.0,0.0,0.0,Primary Creator,"Assigned as Primary Creator because the strongest aligned guard indicators were pct_possessions=0, ft_rate=0, ast_pct=0.","Assigned to high-creation guards driven by assist rate, usage, foul pressure, and offensive involvement.",0.180435,0.180435,0.147826,0.093804,,,,
Anthony Moore,Weber State,2026,Big Sky,Big Sky Comparison,G,Guard,0.0,0.0,0.0,0.0,0.0,0.0,0.0,0.0,0.0,0.0,0.0,0.0,0.0,0.0,0.0,0.0,0.0,0.0,0.0,0.0,0.0,0.0,0.0,Primary Creator,"Assigned as Primary Creator because the strongest aligned guard indicators were pct_possessions=0, ft_rate=0, ast_pct=0.","Assigned to high-creation guards driven by assist rate, usage, foul pressure, and offensive involvement.",0.180435,0.180435,0.147826,0.093804,,,,
Edwin Suarez,Weber State,2026,Big Sky,Big Sky Comparison,F,Forward,0.0,0.0,0.0,0.0,0.0,0.0,0.0,0.0,0.0,0.0,0.0,0.0,0.0,0.0,0.0,0.0,0.0,0.0,0.0,0.0,0.0,0.0,0.0,Glue Forward,"Assigned as Glue Forward because the strongest aligned forward indicators were drtg=0, tov_pct=0, stl_pct=0.","Assigned to forwards with broad all-around contribution across defense, rebounding, passing, and efficiency.",0.2845,,,,0.094667,0.265,0.102667,0.2845
Tyler Christensen,Weber State,2026,Big Sky,Big Sky Comparison,G,Guard,0.0,0.0,0.0,0.0,0.0,0.0,0.0,0.0,0.0,0.0,0.0,0.0,0.0,0.0,0.0,0.0,0.0,0.0,0.0,0.0,0.0,0.0,0.0,Primary Creator,"Assigned as Primary Creator because the strongest aligned guard indicators were pct_possessions=0, ft_rate=0, ast_pct=0.","Assigned to high-creation guards driven by assist rate, usage, foul pressure, and offensive involvement.",0.180435,0.180435,0.147826,0.093804,,,,
